title,address,area,bedrooms,bathrooms,price,floors,street
chính chủ Bán LK mới hiện đại full nội thất thang máy nhập.KĐT Văn Phú,"Quận Hà Đông, Hà Nội",100 m2,7 PN,4 WC,16 tỷ,,Văn Phú
"Bán nhà đường Thanh Bình, Mộ Lao, Hà Đông, 3 ô tô đỗ, tránh, DT50m2","Quận Hà Đông, Hà Nội",50 m2,4 PN,4 WC,14 tỷ 500 triệu,,Thanh Bình
"Bán nhà đường Ngô Thì Nhậm, Quang Trung, Hà Đông, Ô tô lùi cửa","Quận Hà Đông, Hà Nội",50 m2,3 PN,3 WC,10 tỷ 350 triệu,,Ngô Thì Nhậm
"Bán nhà đường Ngô Thì Nhậm, Quang Trung, Hà Đông, Ô tô lùi cửa, DT51","Quận Hà Đông, Hà Nội",51 m2,3 PN,3 WC,10 tỷ 800 triệu,,Ngô Thì Nhậm
"Bán nhà đường 19/5, Văn Quán, Hà Đông, ngõ nông, gần phố, DT34","Quận Hà Đông, Hà Nội",34 m2,3 PN,3 WC,6 tỷ 600 triệu,,Văn Quán
"Bán nhà đường 19/5, Văn Quán, Hà Đông, ngõ nông, gần phố, gần ô tô đỗ,","Quận Hà Đông, Hà Nội",30 m2,3 PN,4 WC,6 tỷ 900 triệu,,Văn Quán
"Bán nhà đường Thanh Bình, Mộ Lao, Hà Đông, ô tô đỗ, tránh, 3 thoáng DT","Quận Hà Đông, Hà Nội",40 m2,6 PN,4 WC,11 tỷ 900 triệu,3,Thanh Bình
"Bán nhà đường 19/5, Văn Quán, Hà Đông, ngõ nông, DT30","Quận Hà Đông, Hà Nội",30 m2,4 PN,5 WC,5 tỷ 950 triệu,,Văn Quán
"Bán nhà đường Lê Lai, Nguyễn Trãi, Hà Đông, 3 ô tô đỗ tránh nhau, DT36","Quận Hà Đông, Hà Nội",26 m2,2 PN,3 WC,12 tỷ 800 triệu,,Lê Lai
"Bán nhà ngõ Tô Hiệu, Nguyễn Trãi, Hà Đông, ô tô đỗ trong nhà, DT47","Quận Hà Đông, Hà Nội",47 m2,4 PN,5 WC,10 tỷ 950 triệu,,Nguyễn Trãi
"Bán nhà đường Thanh Bình, Mộ Lao, Hà Đông, ô tô đỗ tránh, DT33m2","Quận Hà Đông, Hà Nội",33 m2,2 PN,3 WC,9 tỷ 980 triệu,,Thanh Bình
"Bán nhà đường Trần Phú,Mộ Lao, Hà Đông, ô tô tránh, 5 tầng, kinh doanh","Quận Hà Đông, Hà Nội",35 m2,3 PN,3 WC,12 tỷ,5,Trần Phú
"Bán nhà đường 19/5, Văn Quán, Hà Đông, ngõ nông,  DT30/36","Quận Hà Đông, Hà Nội",30 m2,4 PN,4 WC,6 tỷ 950 triệu,,Văn Quán
"Bán nhà đường Trần Phú, Mộ Lao, Hà Đông, ô tô đỗ, kinh doanh 28m2","Quận Hà Đông, Hà Nội",28 m2,1 PN,1 WC,12 tỷ,,Trần Phú
"Bán nhà đường Chiến Thắng, Văn Quán, Hà Đông -Ô tô tránh-DT35m2","Quận Hà Đông, Hà Nội",35 m2,4 PN,2 WC,10 tỷ 100 triệu,,Chiến Thắng
"Bán nhà đường Trần Phú,Mộ Lao, Hà Đông, ngõ rộng, 7 tầng, ô tô tránh","Quận Hà Đông, Hà Nội",70 m2,13 PN,7 WC,17 tỷ 500 triệu,7,Trần Phú
"Bán nhà đường Thanh Bình, Mộ Lao, Hà Đông full công năng, DT31m2","Quận Hà Đông, Hà Nội",31 m2,3 PN,4 WC,5 tỷ 900 triệu,,Thanh Bình
"Bán nhà đường Trần Phú, Mộ Lao, Hà Đông, ngõ rộng, ô tô tránh, 7 tầng","Quận Hà Đông, Hà Nội",52 m2,13 PN,7 WC,16 tỷ 500 triệu,7,Trần Phú
"Bán nhà đường Thanh Bình, Mộ Lao, Hà Đông full công năng, DT53m2","Quận Hà Đông, Hà Nội",53 m2,5 PN,3 WC,7 tỷ 600 triệu,,Thanh Bình
"Chính Chủ cần bán  biệt thự Geleximco Lê Trọng Tấn 370m2, 4 tầng.","Quận Hà Đông, Hà Nội",370 m2,8 PN,4 WC,40 tỷ,4,Lê Trọng Tấn
"Bán nhà đường Trần Phú cạnh KĐT Văn Quán, 5 tầng LÔ GÓC, giá 6.8 tỷ","Quận Hà Đông, Hà Nội",33 m2,4 PN,4 WC,6 tỷ 800 triệu,5,Văn Quán
"Nhà đẹp giá rẻ quận Hà Đông, bán 25 căn nhà Yên Nghĩa, 5 tầng, 3.6 tỷ","Quận Hà Đông, Hà Nội",31 m2,3 PN,4 WC,3 tỷ 600 triệu,5,Yên Nghĩa
"Bán nhà Nguyễn Văn Lộc - Mỗ Lao. Dt 88m2, mt 4.5m, kdvp, nhỉnh 20 tỷ","Quận Hà Đông, Hà Nội",88 m2,6 PN,5 WC,21 tỷ,20,Mỗ Lao
"Bán nhà Vạn Phúc quận Hà Đông, 5 tầng ô tô đỗ cửa, nhỉnh 8 tỷ, Galaxy","Quận Hà Đông, Hà Nội",38 m2,3 PN,4 WC,8 tỷ 200 triệu,5,Vạn Phúc
"Bán nhà đường Thanh Bình Mỗ Lao Hà Đông dt 53m2, mt 4.3m, giá 7.5 tỷ","Quận Hà Đông, Hà Nội",53 m2,6 PN,3 WC,7 tỷ 500 triệu,5,Mỗ Lao
"Bán nhà đường Yên Hòa phường Yên Nghĩa, 33m, 5T, ô tô đỗ cửa, chỉ 4 tỷ","Quận Hà Đông, Hà Nội",33 m2,3 PN,4 WC,4 tỷ,5,Yên Nghĩa
"Bán nhà Mỗ Lao quận Hà Đông, ôtô tránh KD, 5 tầng thang máy, 11.8  tỷ","Quận Hà Đông, Hà Nội",42 m2,4 PN,4 WC,11 tỷ 800 triệu,5,Mỗ Lao
"Bán nhà đẹp Yên Nghĩa quận Hà Đông, dt 38m2, 4 tầng mới, giá 3.4 tỷ","Quận Hà Đông, Hà Nội",38 m2,3 PN,3 WC,3 tỷ 400 triệu,4,Yên Nghĩa
"bán nhà Hòa Bình Yên Nghĩa Hà Đông, 4 tầng, ô tô cạnh nhà, giá 3.6 tỷ","Quận Hà Đông, Hà Nội",35 m2,3 PN,3 WC,3 tỷ 600 triệu,4,Yên Nghĩa
"Bán nhà Yên Hòa – Yên Nghĩa. dt 55m2, mt 5m, ô tô đỗ cửa giá 4.3 tỷ","Quận Hà Đông, Hà Nội",55 m2,3 PN,3 WC,4 tỷ 300 triệu,3,Yên Nghĩa
Siêu Phẩm Nhà Liền Kề KĐT Văn Khê - Hà Đông - Dt 85m2 x 6 Tâng.,"Quận Hà Đông, Hà Nội",85 m2,5 PN,6 WC,20 tỷ,6,Văn Khê
Bán mặt phố Nguyễn Văn lộc - lô góc- vỉa hè - kinh doanh - 105m- 45 tỷ,"Quận Hà Đông, Hà Nội",105 m2,6 PN,7 WC,45 tỷ,45,Nguyễn Văn Lộc
Bán mặt phố Trần Phú - Lô góc - Kinh doanh - DT 100M - MT 6m - 26.5 Tỷ,"Quận Hà Đông, Hà Nội",100 m2,4 PN,4 WC,26 tỷ 500 triệu,5,Trần Phú
Bán nhà phố Nguyễn Văn Lộc - Ô tô tránh- Kinh doanh- 105m- MT 6m- 21Tỷ,"Quận Hà Đông, Hà Nội",105 m2,9 PN,9 WC,21 tỷ,21,Nguyễn Văn Lộc
Mặt phố Trần Phú- Hà Đông- Vỉa hè - Kinh doanh- Dòng tiền 1.4 Tỷ/Năm,"Quận Hà Đông, Hà Nội",95 m2,6 PN,7 WC,32 tỷ,4,Trần Phú
"💥💥💥 LÔ GÓC – Diện tích rộng - Phan Đình GIót, Hà Đông 💥💥💥","Quận Hà Đông, Hà Nội",56 m2,4 PN,2 WC,5 tỷ 800 triệu,,Phan Đình Giót
CC bán nhà MP Phùng Hưng 125m2 6 tầng mt 4m nhỉnh 16 tỷ CT 50tr,"Quận Hà Đông, Hà Nội",125 m2,6 PN,6 WC,19 tỷ 800 triệu,6,Phùng Hưng
"Bán nhà phố Vạn Phúc, lô góc 3 thoáng, ô tô sát cửa, 59m2, 12.5 tỷ","Quận Hà Đông, Hà Nội",59 m2,4 PN,2 WC,12 tỷ 500 triệu,3,Vạn Phúc
"Bán Nhà Phố Trần Phú, hũ vàng từ cho thuê, 60m2, 16 Tỷ","Quận Hà Đông, Hà Nội",60 m2,10 PN,8 WC,16 tỷ,16,Trần Phú
"Bán nhà phố Ngô Quyền, ô tô đỗ cửa, cơ hội lãi gấp 4, 130m2, 7 tỷ","Quận Hà Đông, Hà Nội",130 m2,1 PN,1 WC,7 tỷ,7,Ngô Quyền
"Bán nhà đường Trần Phú, Mộ Lao, Hà Đông, ô tô đỗ, View hồ 38m2","Quận Hà Đông, Hà Nội",38 m2,4 PN,4 WC,14 tỷ,,Trần Phú
Căn góc 50m2*6T-13.5 tỷ Kinh Doanh thang máy- Gara-phố Phan Đình Giót,"Quận Hà Đông, Hà Nội",47 m2,5 PN,4 WC,13 tỷ 500 triệu,6,Phan Đình Giót
Nhà mới thang máy kinh doanh-gara 7 chỗ-52m2*5T*13 tỷ ngay Làng Lụa,"Quận Hà Đông, Hà Nội",52 m2,7 PN,5 WC,13 tỷ,5,Lụa
Toà ccmn lô góc 110m2 7 tầng(30pkk) 25 tỷ mặt Đường Phan Chu Trinh,"Quận Hà Đông, Hà Nội",95 m2,30 PN,31 WC,25 tỷ,7,Phan Chu Trinh
Nhà DV Cây Quýt-P.La Khê - 52m²*7 tầng thang máy- thông sàn kinh doanh,"Quận Hà Đông, Hà Nội",52 m2,5 PN,6 WC,15 tỷ 800 triệu,7,
"Bán Nhà Mỗ Lao - Thanh Bình Hà Đông. Ô Tô Tránh. DT 33M2. 9,9 Tỷ","Quận Hà Đông, Hà Nội",33 m2,4 PN,4 WC,9 tỷ 900 triệu,9,Mỗ Lao
Bán Nhà Phân Lô Liền Kề KĐT Văn Phú - Hà Đông. DT 165m2. MT 8M,"Quận Hà Đông, Hà Nội",165 m2,8 PN,6 WC,36 tỷ 500 triệu,,Văn Phú
Bán Nhà Liền Kề KĐT Văn Quán Hà Đông. Lô Góc 2 Mặt Tiền. DT 76m2,"Quận Hà Đông, Hà Nội",76 m2,6 PN,5 WC,23 tỷ,,Văn Quán
Bán Nhà Liền Kề KĐT Mỗ Lao Hà Đông - Nhà Mới Thang Máy. DT 75m2. MT 5m,"Quận Hà Đông, Hà Nội",75 m2,8 PN,5 WC,24 tỷ,,Mỗ Lao
Bán Nhà Phân Lô Liền Kề KĐT Văn Quán Hà Đông. DT 88m2,"Quận Hà Đông, Hà Nội",88 m2,6 PN,4 WC,20 tỷ 400 triệu,,Văn Quán
Bán Tòa Nhà Chung Cư MINI - KĐT Văn Quán - Hà Đông. DT 60m2. 7 Tầng,"Quận Hà Đông, Hà Nội",60 m2,12 PN,12 WC,17 tỷ 800 triệu,7,Văn Quán
Bán Tòa Nhà Chung Cư MINI - KĐT Mỗ Lao Hà Đông. DT 71m2. 7 Tầng,"Quận Hà Đông, Hà Nội",71 m2,18 PN,18 WC,16 tỷ 800 triệu,7,Mỗ Lao
Bán Nhà Phân Lô - Liền Kề KĐT Văn Quán Hà Đông. DT 80m2. 5 Tầng,"Quận Hà Đông, Hà Nội",80 m2,6 PN,5 WC,20 tỷ,5,Văn Quán
Bán Nhà Mặt Phố Chính Trần Phú - Hà Đông. 40m2. Giá 16 Tỷ,"Quận Hà Đông, Hà Nội",40 m2,4 PN,3 WC,16 tỷ,16,Trần Phú
"Bán Nhà Liền Kề KĐT Văn Phú Hà Đông. DT 65M2. 5 Tầng.MT 7,2m - 13,8 Tỷ","Quận Hà Đông, Hà Nội",65 m2,6 PN,5 WC,13 tỷ 800 triệu,5,Văn Phú
Bán Nhà Liền Kề KĐT Văn Quán Hà Đông. 106m2. Vỉa Hè Rông. Ô Tô Tránh,"Quận Hà Đông, Hà Nội",106 m2,6 PN,4 WC,25 tỷ,,Văn Quán
Bán Biệt Thự ViLa Tô Hiệu Hà Đông. DT 171M2. 3 Tầng. Mặt Tiền 10M,"Quận Hà Đông, Hà Nội",171 m2,6 PN,4 WC,31 tỷ 500 triệu,3,Tô Hiệu
Bán Nhà Liền Kề KĐT Văn Khê Hà Đông. DT 83m2. Nhà Mới. Đường ÔTô Tránh,"Quận Hà Đông, Hà Nội",83 m2,6 PN,4 WC,21 tỷ 700 triệu,,Văn Khê
"Bán Nhà Phố Văn Phú - Hà Đông. Nhà Mới. DT 42m2. 5 Tầng. Giá 6,8 Tỷ","Quận Hà Đông, Hà Nội",42 m2,8 PN,5 WC,6 tỷ 800 triệu,5,Văn Phú
"Bán Nhà Ngô Quyền Hà Đông. Ngỗ Thông Ô Tô Qua. DT 32M2. Giá 6,5 Tỷ","Quận Hà Đông, Hà Nội",32 m2,3 PN,4 WC,6 tỷ 500 triệu,5,Ngô Quyền
Bán Nhà Trần Phú Hà Đông. Thông Sàn KD Văn Phòng. 52m2. 7 Tầng. MT 62m,"Quận Hà Đông, Hà Nội",52 m2,8 PN,7 WC,16 tỷ 500 triệu,7,Trần Phú
Bán Nhà Phân Lô - Liền Kề KĐT Mỗ Lao - Hà Đông. DT 60M2. MT 5M. 19 Tỷ,"Quận Hà Đông, Hà Nội",60 m2,6 PN,4 WC,19 tỷ,19,Mỗ Lao
Bán Nhà Trần Phú - Hà Đông. View Hồ. Vỉa Hè - Ô Tô Tránh KD. Giá 13 tỷ,"Quận Hà Đông, Hà Nội",38 m2,4 PN,3 WC,13 tỷ,13,Trần Phú
Bán Nhà Mặt Phố Nguyễn Văn Trỗi. KĐT Mỗ Lao Hà Đông. DT 68M2.Giá 15 Tỷ,"Quận Hà Đông, Hà Nội",68 m2,6 PN,5 WC,15 tỷ,15,Mỗ Lao
"Bán Nhà Phân Lô - Liền Kề KĐT Văn Phú Hà Đông. DT 90M2. Giá 18,9 Tỷ","Quận Hà Đông, Hà Nội",90 m2,6 PN,4 WC,18 tỷ 900 triệu,9,Văn Phú
Bán Nhà Liền Kề KĐT Văn Phú Hà Đông. Vỉa Hè. DT 70M2. 5 Tầng. MT 5M,"Quận Hà Đông, Hà Nội",70 m2,6 PN,4 WC,22 tỷ,5,Văn Phú
Bán Nhà Liền Kề Lô Góc KĐT Văn Phú - Hà Đông. DT 90M2. 5 Tầng,"Quận Hà Đông, Hà Nội",90 m2,6 PN,4 WC,21 tỷ 500 triệu,5,Văn Phú
Bán Nhà Phân Lô - Liền Kề KĐT Văn Phú Hà Đông. DT 100M2. MT 5M,"Quận Hà Đông, Hà Nội",100 m2,5 PN,4 WC,26 tỷ,,Văn Phú
Bán Nhà Liền Kề KĐT Văn Phú Hà Đông. DT 81M2. 5 Tầng. Vỉa Hè Rộng 10m,"Quận Hà Đông, Hà Nội",81 m2,6 PN,4 WC,25 tỷ,5,Văn Phú
Bán Nhà Liền Kề KĐT Mỗ Lao Hà Đông. DT 79M2. Xây 4 Tầng,"Quận Hà Đông, Hà Nội",79 m2,5 PN,4 WC,22 tỷ 500 triệu,4,Mỗ Lao
Bán Nhà Liền Kề KĐT Văn Phú Hà Đông. DT 102M2. 5 Tầng. MT 10m,"Quận Hà Đông, Hà Nội",102 m2,8 PN,5 WC,26 tỷ,5,Văn Phú
Bán Nhà Liền Kề KĐT Văn Phú. DT 70M2. Đường Rộng. Vỉa Hè Kinh Doanh,"Quận Hà Đông, Hà Nội",70 m2,6 PN,4 WC,18 tỷ 900 triệu,,Văn Phú
Bán Biệt Thự Lô Góc KĐT Văn Khê Hà Đông. Vị Trí Víp. DT 182M2,"Quận Hà Đông, Hà Nội",182 m2,6 PN,5 WC,34 tỷ 600 triệu,,Văn Khê
CHỦ Cần Bán Gấp Biệt Thự KĐT Văn Phú Hà Đông.Lô Góc Siêu Đẹp. DT 176m2,"Quận Hà Đông, Hà Nội",176 m2,6 PN,5 WC,41 tỷ,,Văn Phú
"Bán Tòa Nhà Chung Cư MINI Văn Quán Hà Đông. DT 88m2. 7 Tầng. MT 6,1m","Quận Hà Đông, Hà Nội",88 m2,26 PN,26 WC,15 tỷ 500 triệu,7,Văn Quán
"Bán Nhà Nguyễn Trãi - KĐT Mõ Lao Hà Đông. DT 52m2. mt 4,1m. Giá 7,9 Tỷ","Quận Hà Đông, Hà Nội",52 m2,4 PN,4 WC,7 tỷ 900 triệu,9,Nguyễn Trãi
"Bán Nhà Phường Biên Giang - Hà Đông. DT 30M. 5 Tầng Mới. Giá 2,9 Tỷ","Quận Hà Đông, Hà Nội",30 m2,3 PN,3 WC,2 tỷ 900 triệu,5,Biên Giang
Bán Nhà Mặt Phố Trần Đăng Ninh - Hà Đông - Vỉa Hè Rộng -Ô Tô Trong Nhà,"Quận Hà Đông, Hà Nội",40 m2,6 PN,4 WC,13 tỷ 500 triệu,,Trần Đăng Ninh
Bán Nhà Liền Kề Mỗ Lao Hà Đông. 75m2. Vỉa Hè. Đường 3 Ô Tô Tránh Nhau,"Quận Hà Đông, Hà Nội",75 m2,6 PN,5 WC,24 tỷ,,Mỗ Lao
Bán Nhà Liền Kề Mặt Phố Văn Phú DT 90m2. Vị Trí Đẹp. Vỉa Hè Kinh Doanh,"Quận Hà Đông, Hà Nội",90 m2,6 PN,4 WC,23 tỷ 900 triệu,,Văn Phú
Bán Nhà Liền Kề KĐT Văn Quán Hà Đông. 106m2. Vỉa Hè Rộng. Ô TÔ Tránh,"Quận Hà Đông, Hà Nội",106 m2,6 PN,4 WC,25 tỷ,,Văn Quán
Bán Nhà Liền Kề KĐT Văn Phú Hà Đông. DT 50M2. Vỉa Hè. Đường Ô Tô Tránh,"Quận Hà Đông, Hà Nội",50 m2,6 PN,5 WC,17 tỷ 600 triệu,,Văn Phú
Bán Nhà Liền Kề KĐT Văn Khê Hà Đông. DT 83m2. Vỉa Hè Rộng Kinh Doanh,"Quận Hà Đông, Hà Nội",83 m2,5 PN,4 WC,22 tỷ 500 triệu,,Văn Khê
Bán Nhà Liền Kề Ngô Thì Nhậm - Hà Đông. Lô Góc. KD Sầm Uất. DT 51M2,"Quận Hà Đông, Hà Nội",51 m2,5 PN,4 WC,22 tỷ 400 triệu,,Ngô Thì Nhậm
Bán Nhà Liền Kề KĐT Mỗ Lao Hà Đông. DT 78M2. Vỉa Hè Ô Tô Tránh,"Quận Hà Đông, Hà Nội",78 m2,5 PN,4 WC,22 tỷ 500 triệu,,Mỗ Lao
"Bán Nhà Liền Kề KĐT La Khê Hà Đông. Vỉa Hè ÔTô Tránh. DT 54m2. 13,6 Tỷ","Quận Hà Đông, Hà Nội",54 m2,6 PN,4 WC,13 tỷ 600 triệu,6,
"Bán Nhà Phân Lô Liền Kề KĐT La Khê - Hà Đông. DT 50m2. Giá 13,5 Tỷ","Quận Hà Đông, Hà Nội",50 m2,4 PN,4 WC,13 tỷ 500 triệu,5,
Bán Nhà Chiến Thắng Văn Quán Hà Đông. Phân Lô. Vỉa Hè. Gara. Giá 13 Tỷ,"Quận Hà Đông, Hà Nội",35 m2,4 PN,3 WC,13 tỷ,13,Chiến Thắng
"Cần tiền chủ tha thiết bán nhà tự xây ngay  Văn Quán 34m, mt","Quận Hà Đông, Hà Nội",34 m2,4 PN,3 WC,6 tỷ 600 triệu,,Văn Quán
"Bán nhà xây mới Phan Đình Giót, 47m2, 5 tầng, thang máy, ô tô vào, lô","Quận Hà Đông, Hà Nội",47 m2,6 PN,4 WC,13 tỷ 700 triệu,5,Phan Đình Giót
"Mới koong 5 tầng Vạn Phúc, ở ngay, 3 thoáng, lô góc","Quận Hà Đông, Hà Nội",30 m2,3 PN,4 WC,6 tỷ 650 triệu,5,Vạn Phúc
"Bán nhà mặt phố Trần Đăng Ninh, Hà Đông, phân lô, ô tô tránh KD 40m2","Quận Hà Đông, Hà Nội",40 m2,4 PN,3 WC,7 tỷ 250 triệu,,Trần Đăng Ninh
Cho thuê kiot kinh doanh – Mở quán cơm văn phòng tại THE PRIDE,"Quận Hà Đông, Hà Nội",10 m2,1 PN,1 WC,3 triệu,,
"Bán nhà Trần Phú, Dân trí tuyệt vời, 42m2, 10.65tỷ","Quận Hà Đông, Hà Nội",42 m2,4 PN,3 WC,10 tỷ 650 triệu,65,Trần Phú
"Bán nhà HÀNG XÓM VĂN QUÁN - 78 m2 - mặt tiền 7m giá 8,9 tỷ. Liên hệ: E","Quận Hà Đông, Hà Nội",78 m2,3 PN,3 WC,8 tỷ 900 triệu,9,Văn Quán
"Bán nhà riêng 32m2, 5 tầng,  nội thất đẹp , trung tâm quận","Quận Hà Đông, Hà Nội",30 m2,4 PN,3 WC,6 tỷ 300 triệu,5,
"Nhà đẹp Quang Trung , Hà Đông - 6 tầng , full NT - gần ô tô,chỉ 4.7 tỷ","Quận Hà Đông, Hà Nội",33 m2,4 PN,3 WC,4 tỷ 700 triệu,6,Quang Trung
Nhà La Khê - Hà Đông -2 thoáng- Gần Phố - Ô tô - Ở ngay - 35m². 4 tầng,"Quận Hà Đông, Hà Nội",35 m2,3 PN,3 WC,5 tỷ 750 triệu,2,
"Nhà đẹp , Thanh Bình , Mộ Lao, 33m² - ở ngay - 10m ô tô - Nhỉnh 7,x tỷ","Quận Hà Đông, Hà Nội",33 m2,3 PN,3 WC,7 tỷ 250 triệu,,Thanh Bình
"Bán nhà đẹp 3 ngủ, phân ô bàn cờ dt48m2 tại Yết Kiêu, Hà Đông","Quận Hà Đông, Hà Nội",48 m2,3 PN,3 WC,8 tỷ 600 triệu,2,Yết Kiêu
"Bán nhà mới 5 tầng - 2 thoáng - gần ô tô tại văn phú, hà đông dt 46m2","Quận Hà Đông, Hà Nội",46 m2,4 PN,4 WC,7 tỷ 300 triệu,5,Văn Phú
"Chủ cần bay nhanh trong tháng 11 căn 5 tầng 42m2, ô tô đỗ tại Hà Đông","Quận Hà Đông, Hà Nội",42 m2,4 PN,3 WC,8 tỷ,5,
"""# Lê Quý Đôn - Hà Đông  Ô tô tránh nhau - Vào nhà - Kinh doanh","Quận Hà Đông, Hà Nội",40 m2,3 PN,3 WC,8 tỷ 550 triệu,,Lê Quý Đôn
Bán nhà chiến thắng la khê diện tích 40m .mặt tiền 4.3 giá chỉ 7.8 tỷ,"Quận Hà Đông, Hà Nội",40 m2,4 PN,3 WC,7 tỷ 800 triệu,8,Chiến Thắng
Cần bán nhà Hiếm Ngõ Tô Hiệu DT 40m2x 4 tầng giá 6.9 tỷ,"Quận Hà Đông, Hà Nội",40 m2,4 PN,4 WC,6 tỷ 900 triệu,4,Tô Hiệu
"Bán nhà ngõ Quang Trung, Phường Quang Trung, Quận Hà Đông, nhà mới đẹp","Quận Hà Đông, Hà Nội",35 m2,0 PN,0 WC,4 tỷ,,Quang Trung
"Bán căn hộ rộng ,đẹp văn khê  - la khê giá 4.75","Quận Hà Đông, Hà Nội",119 m2,3 PN,2 WC,4 tỷ 750 triệu,,Văn Khê
"Bán nhà cực đẹp, DT 46m2, vài bước chân ra phố Tô Hiệu","Quận Hà Đông, Hà Nội",46 m2,4 PN,5 WC,9 tỷ,,Tô Hiệu
"Bán nhà Quang trung hà đông 35m2-4,5 tầng- 5.x tỷ","Quận Hà Đông, Hà Nội",35 m2,4 PN,3 WC,5 tỷ 900 triệu,5,Quang Trung
Bán 50m2 phân lô vỉa hè chân victoria văn phú 5m mặt tiền 14 tỷ có TL,"Quận Hà Đông, Hà Nội",50 m2,1 PN,1 WC,14 tỷ,14,Văn Phú
"Bán ngô quyền hà đông 32m2, ô tô đỗ, 5 tầng nhỉnh 6 tỷ","Quận Hà Đông, Hà Nội",32 m2,3 PN,3 WC,6 tỷ,5,Ngô Quyền
Trung Tâm-Oto đỗ cửa-Gần Phố-An Sinh-Tiện Ích-An Ninh Tốt-Dân Trí Cao-,"Quận Hà Đông, Hà Nội",45 m2,3 PN,2 WC,7 tỷ 300 triệu,,
"Nhà Mới ,KD Bất Chấp,Thiết kế HIỆN ĐẠI,OTO Tránh,vào nhà,MT khủng","Quận Hà Đông, Hà Nội",35 m2,4 PN,3 WC,7 tỷ 300 triệu,,
"Lô góc, gara, mới tinh, thang máy, ôtô tránh, kd, 4 ngủ, mậu lương:","Quận Hà Đông, Hà Nội",58 m2,6 PN,5 WC,11 tỷ 500 triệu,,Mậu Lương
"CC, gần Yên Nghĩa, xe tải tránh, 4 tầng, 320m2 , kinh doanh, lô góc","Quận Hà Đông, Hà Nội",52 m2,5 PN,3 WC,4 tỷ 250 triệu,4,Yên Nghĩa
"Bán  32m2, 3 tầng 2.5 tỷ. Hà Đông","Quận Hà Đông, Hà Nội",30 m2,3 PN,3 WC,2 tỷ 500 triệu,3,
"Bán nhà Chợ Chim Yên Phúc Văn Quán Hà Đông 35m2,4T,ở ngay,ngõ nông.","Quận Hà Đông, Hà Nội",35 m2,4 PN,3 WC,5 tỷ 950 triệu,4,Chợ
"Bán chung cư Bình Vương, Quang Trung, Hà Đông, View Đẹp, 91m, giá 4 ty","Quận Hà Đông, Hà Nội",92 m2,2 PN,2 WC,405.000 đ,4,Quang Trung
"Bán nhà lô góc trục chính kinh doanh trung tâm phường Phú Lương,Hà Đôn","Quận Hà Đông, Hà Nội",53 m2,3 PN,2 WC,5 tỷ 500 triệu,,Phú Lương
"Bán Nhà,Phố Nguyễn Thái Học,Quang Trung,Hà Đông 21m2*4 tầng*giá 4.9 tỷ","Quận Hà Đông, Hà Nội",21 m2,2 PN,2 WC,4 tỷ 890 triệu,4,Nguyễn Thái Học
"Bán Nhà, Phố Phan Đình Giót, Quang Trung, Hà Đông 34m2*5 tầng","Quận Hà Đông, Hà Nội",34 m2,3 PN,3 WC,6 tỷ 800 triệu,5,Phan Đình Giót
"Bán nhà nguyên căn tại đa sỹ, hà đông, giá 5,85 tỷ , 4 tầng diện tích","Quận Hà Đông, Hà Nội",136 m2,4 PN,3 WC,5 tỷ 850 triệu,85,Đa Sỹ
Cần bán nhà Phố Yên Phúc - Hà Đông,"Quận Hà Đông, Hà Nội",82 m2,5 PN,3 WC,12 tỷ,,Yên Phúc
"Nhà Cầu Đơ 3 - Hà Đông 47m*5t cách đường Quang Trung 50m,LG CHỈ 10 tỷ","Quận Hà Đông, Hà Nội",47 m2,7 PN,6 WC,10 tỷ,5,Quang Trung
Bán căn biệt thự khu đô thị làng Việt Kiều Châu Âu,"Quận Hà Đông, Hà Nội",152 m2,4 PN,4 WC,25 tỷ,,Làng Việt Kiều Châu Âu
Tòa CCMN ga Văn Quán lô góc 95m2 7T 20PKK cực đẹp giá 15 tỷ,"Quận Hà Đông, Hà Nội",95 m2,20 PN,20 WC,15 tỷ,7,Văn Quán
CCMN Ô TÔ TRÁNH VỈA HÈ 120M2 9T 45PKK doanh thu 2 TỶ/NĂM giá chỉ 30 tỷ,"Quận Hà Đông, Hà Nội",120 m2,45 PN,45 WC,30 tỷ,9,
"Bán tòa CCMN Văn Quán 7T 90M2 22PKK NGÕ NÔNG RỘNG, giá chỉ 11.5 TỶ","Quận Hà Đông, Hà Nội",90 m2,22 PN,22 WC,11 tỷ 500 triệu,7,Văn Quán
CC bán tòa CHDV Chiến Thắng Ô TÔ ĐỔ CỬA 75M2 8T 20PKK giá chỉ 11.5 tỷ,"Quận Hà Đông, Hà Nội",75 m2,20 PN,20 WC,11 tỷ 500 triệu,8,Chiến Thắng
"Bán gấp nhà MỖ LAO 40M2 6 tầng 7PN Ô TÔ GẦN HỒ, CÔNG VIÊN giá chỉ 7 tỷ","Quận Hà Đông, Hà Nội",40 m2,7 PN,5 WC,7 tỷ,6,Mỗ Lao
Hơn 6 tỷ có CCMN cạnh ga Văn Quán 45m2 6T 10PKK doanh thu 500tr/năm,"Quận Hà Đông, Hà Nội",45 m2,10 PN,9 WC,6 tỷ,6,Văn Quán
Bán LK KĐT Xa La 5 tầng 80m2 vị trí kinh doanh sầm uất giá chỉ 11.2 tỷ,"Quận Hà Đông, Hà Nội",80 m2,4 PN,4 WC,11 tỷ 200 triệu,5,Xa La
Bán tòa CCMN cạnh công viên Văn Quán 60m2 14PKK giá chỉ 8 tỷ,"Quận Hà Đông, Hà Nội",60 m2,14 PN,14 WC,8 tỷ,8,Văn Quán
Bán tòa CCMN 40PKK doanh thu mỗi năm gần 2 tỷ giá chỉ 16 tỷ,"Quận Hà Đông, Hà Nội",110 m2,40 PN,40 WC,16 tỷ,2,
CHDV MỖ LAO lô góc ô tô đỗ cửa 106M2 6T 19PKK đầy đủ PCCC giá 15 tỷ,"Quận Hà Đông, Hà Nội",106 m2,19 PN,19 WC,15 tỷ,6,Mỗ Lao
Chính chủ bán Biệt thự đường đôi KĐT Xa La 225m2 mt 11m giá 25.6 tỷ,"Quận Hà Đông, Hà Nội",225 m2,6 PN,6 WC,25 tỷ 600 triệu,6,Xa La
Bán gấp tòa CCMN Văn Quán lô góc 80m2 x 7T 18PKK giá chỉ 12.3 tỷ,"Quận Hà Đông, Hà Nội",80 m2,18 PN,17 WC,12 tỷ 300 triệu,7,Văn Quán
Bán gấp CCMN gần hồ VĂN QUÁN 8T 70M2 21PKK đầy đủ PCCC giá hơn 10 TỶ,"Quận Hà Đông, Hà Nội",70 m2,21 PN,21 WC,10 tỷ,8,Văn Quán
CCMN cạnh trường ĐH Sư phạm 106M2 lô góc 3 thoáng ô tô đỗ cửa giá 15tỷ,"Quận Hà Đông, Hà Nội",106 m2,20 PN,20 WC,15 tỷ,3,
Chính chủ bán Biệt thự đường đôi Xa La 225m2 MT 11m giá chỉ 25.6 tỷ,"Quận Hà Đông, Hà Nội",225 m2,6 PN,6 WC,25 tỷ 600 triệu,6,Xa La
Bán CCMN Văn Quán 8 tầng 45m2 14PKK giá chỉ 6.5 tỷ,"Quận Hà Đông, Hà Nội",45 m2,14 PN,14 WC,6 tỷ 500 triệu,8,Văn Quán
Bán CCMN Văn Quán cực đẹp 100m2 8T 28PKK giá chỉ 14 tỷ,"Quận Hà Đông, Hà Nội",100 m2,28 PN,28 WC,14 tỷ,8,Văn Quán
Cực hiếm CCMN VĂN QUÁN 90M2 7T 23PKK giá đầu tư chỉ 11.5 tỷ,"Quận Hà Đông, Hà Nội",90 m2,23 PN,23 WC,11 tỷ 500 triệu,7,Văn Quán
CC bán CCMN Mỗ Lao ngõ nông 2 mặt thoáng 50m2 6T 10PKK giá 7 tỷ,"Quận Hà Đông, Hà Nội",50 m2,10 PN,10 WC,7 tỷ,6,Mỗ Lao
Bán tòa CHDV Mỗ Lao Ô TÔ TRÁNH VỈA HÈ 100M2 8 Tầng giá chỉ 23.5 tỷ,"Quận Hà Đông, Hà Nội",100 m2,25 PN,25 WC,23 tỷ 500 triệu,8,Mỗ Lao
Bán KIOS KINH DOANH tại CT6 Xa La 40M2 giá chỉ 1.79 TỶ,"Quận Hà Đông, Hà Nội",40 m2,1 PN,1 WC,1 tỷ 790 triệu,79,Xa La
Tòa CCMN ô tô tránh vỉa hè 120m2 9t 45PKK dt 2 tỷ/năm giá 27 tỷ,"Quận Hà Đông, Hà Nội",120 m2,45 PN,45 WC,27 tỷ,9,
"CHDV Văn Quán 2 thoáng, khu phân lô ô tô tránh vỉa hè 100M2 7T 22PKK","Quận Hà Đông, Hà Nội",100 m2,22 PN,22 WC,20 tỷ,2,Văn Quán
CCMN cạnh hồ Văn Quán lô góc 85m2 x7T 24PKK đầy đủ PCCC giá 16 tỷ,"Quận Hà Đông, Hà Nội",85 m2,24 PN,24 WC,16 tỷ,7,Văn Quán
CCMN đối diện trường ĐH Kiến Trúc lô góc ô tô đỗ cửa 100m2 6T 20PKK,"Quận Hà Đông, Hà Nội",100 m2,20 PN,20 WC,15 tỷ,6,
Tòa CHDV Văn Quán Ô TÔ TRÁNH VỈA HÈ 100M2 MT 6m 7T giá hơn 20 TỶ,"Quận Hà Đông, Hà Nội",100 m2,22 PN,22 WC,20 tỷ,7,Văn Quán
"Bán căn hộ 35m2, mặt tiền 3.2m - khu yên nghĩa, hà đông - 3.1 tỷ chốt","Quận Hà Đông, Hà Nội",35 m2,0 PN,0 WC,3 tỷ 100 triệu,1,Yên Nghĩa
"Bán nhà VĂN QUÁN, MT 6.2, TRƯỚC NHÀ 3 Ô TÔ TRÁNH. GIÁ 8x tỷ","Quận Hà Đông, Hà Nội",35 m2,2 PN,3 WC,8 tỷ 900 triệu,,Văn Quán
"Bán nhà Liền Kề Mậu Lương, 60m2, 7 tầng, có thang máy","Quận Hà Đông, Hà Nội",60 m2,6 PN,5 WC,14 tỷ 500 triệu,7,Mậu Lương
"Bán nhà khu vực la khê, hà đông quanh vòng xuyến lê trọng tấn, 4","Quận Hà Đông, Hà Nội",50 m2,4 PN,2 WC,13 tỷ 500 triệu,,Lê Trọng Tấn
"#Siêu hiếm #Mộ Lao Hà Đông Nhà gần hồ View Biệt thự, trước nhà 2 Ô tô","Quận Hà Đông, Hà Nội",35 m2,2 PN,2 WC,9 tỷ 950 triệu,,
"Chỉ  𝟔.𝐱 𝘁𝘆̉, sở hữu ngay 𝗻𝗵𝗮̀ 𝗼̛̉ 𝗩𝗶𝗽 - Hà Nội","Quận Hà Đông, Hà Nội",45 m2,4 PN,3 WC,6 tỷ 300 triệu,,
Bán nhà chính chủ diện tích 40m2 tại đường Ngô Quyền,"Quận Hà Đông, Hà Nội",40 m2,4 PN,2 WC,7 tỷ 990 triệu,2,Ngô Quyền
"NHÀ Phố Phan Đình Giót - Ô tô ĐỖ CỬA, Giá siêu TỐT!!","Quận Hà Đông, Hà Nội",40 m2,5 PN,4 WC,6 tỷ,,Phan Đình Giót
"Bán Nhà Vạn Phúc -Hà Đông 34m2 x4T.MT 3m,Hướng TB giá 6,2 tỷ Lh.097808","Quận Hà Đông, Hà Nội",34 m2,3 PN,3 WC,6 tỷ 199 triệu,4,Vạn Phúc
"Bán nhà Mậu Lương -kiến hưng -Hà Đông 31m2 x4,5T .Hướng Tây bắc.","Quận Hà Đông, Hà Nội",31 m2,3 PN,3 WC,6 tỷ 300 triệu,5,Kiến Hưng
Bán Nhà Văn Quán -Hà Đông 30m2 x 5T nở Hậu rất đẹp giá.Hướng Tây Nam.,"Quận Hà Đông, Hà Nội",30 m2,3 PN,3 WC,6 tỷ 650 triệu,5,Văn Quán
"Quận Hà Đông, Khu đô thị Văn Khê, Phân lô ô tô tránh, gara ô tô, đối d","Quận Hà Đông, Hà Nội",82 m2,5 PN,5 WC,22 tỷ 600 triệu,,Văn Khê
"Ra phố Mậu Lương, Hà Đông chỉ 50m, DT 42m2, MT 3,6m, Ô Tô qua nhà, ngõ","Quận Hà Đông, Hà Nội",42 m2,1 PN,1 WC,6 tỷ 300 triệu,,Mậu Lương
"Chỉ 100m ra phố Quang Trung, HĐ, 39m2, 4 tầng, 2 mặt ngõ, Giá Đầu tư","Quận Hà Đông, Hà Nội",39 m2,4 PN,3 WC,4 tỷ 100 triệu,4,Quang Trung
"Bán Nhà La Khê, HĐ, cách Quang Trung 100m, DT 56m2, 3 tầng, Giá hơn 5T","Quận Hà Đông, Hà Nội",56 m2,4 PN,3 WC,5 tỷ 500 triệu,3,Quang Trung
"Cần bán nhà Phú Lương Hà Đông, diện tích 30m2, 5 tầng","Quận Hà Đông, Hà Nội",30 m2,5 PN,4 WC,4 tỷ 250 triệu,5,Phú Lương
"Bán nhà Yên Nghĩa, nhà đẹp, ở ngay, 4.x tỉ (đầy đủ nội thất)","Quận Hà Đông, Hà Nội",30 m2,3 PN,2 WC,4 tỷ 250 triệu,,Yên Nghĩa
"Siêu hiếm chân cầu mậu lương lô góc gần chung cư hemmico xala
vị trí","Quận Hà Đông, Hà Nội",33 m2,3 PN,4 WC,5 tỷ 150 triệu,,Mậu Lương
Vợ chồng em cần bán nhà mậu lương ở luôn kinh doanh tốt sinh lời luôn,"Quận Hà Đông, Hà Nội",45 m2,3 PN,4 WC,4 tỷ,,Mậu Lương
Cần tiền đầu tư chính chủ cần bán nhà đất mậu lương 32m2 lô góc,"Quận Hà Đông, Hà Nội",32 m2,3 PN,4 WC,5 tỷ 200 triệu,,Đất
"Bán biệt thự Văn Phú, Hà Đông 184m, 3 tầng,giá 27 tỷ","Quận Hà Đông, Hà Nội",184 m2,8 PN,8 WC,27 tỷ,3,Văn Phú
"Bán nhà 5 tầng ô tô con có thể vào trươc cửa - 5,9 tỷ","Quận Hà Đông, Hà Nội",31 m2,5 PN,4 WC,5 tỷ 900 triệu,5,
"🏚️ B.á.n N.h.à, Đồng Mai, Hà Đông + DT: 51m2, 4T, MT: 6m 💰 4,5 Tỷ MẶ","Quận Hà Đông, Hà Nội",51 m2,4 PN,3 WC,4 tỷ 500 triệu,4,
Cực phẩm Phố Lụa🔥🔥 Nhà đẹp- 42m- giá chỉ 5.3 tỷ ( Có thương lượng),"Quận Hà Đông, Hà Nội",42 m2,3 PN,2 WC,5 tỷ 300 triệu,3,Lụa
Hàng hiếm Thanh Bình🔥🔥 Nhà đẹp 4 tầng - Giá 5.3 Tỷ( Có thương lượng),"Quận Hà Đông, Hà Nội",32 m2,3 PN,2 WC,5 tỷ 300 triệu,4,Thanh Bình
Mua đất tặng nhà 5 tầng+ Full nội thất - Giá 6.2 tỷ ( có thương lượng),"Quận Hà Đông, Hà Nội",32 m2,3 PN,2 WC,6 tỷ 200 triệu,5,Đất
"Siêu phẩm lên sóng -5 tầng- 5m ra phố- giá 5,8 tỷ ( Có thương lượng)","Quận Hà Đông, Hà Nội",38 m2,3 PN,2 WC,5 tỷ 800 triệu,5,
Bán nhà Vạn Phúc 45m - Mặt tiền ( 5m)- Ô Tô qua nhà- 3 bước ra phố,"Quận Hà Đông, Hà Nội",45 m2,3 PN,2 WC,7 tỷ 300 triệu,,Vạn Phúc
(Siêu phẩm) chỉ cách quý A/C khách hàng đúng 1 cuộc điện thoại,"Quận Hà Đông, Hà Nội",38 m2,4 PN,3 WC,7 tỷ 500 triệu,,
Nhà đẹp - Ở ngayy- A/c hãy nhanh tay để có ngay Em hoa hậu phố🤩🔥🔥,"Quận Hà Đông, Hà Nội",32 m2,3 PN,3 WC,4 tỷ 900 triệu,,
Cực Phẩm Cầu Am -42m- 4 tầng - giá chỉ 6.1 tỷ ( Có thương lượng),"Quận Hà Đông, Hà Nội",42 m2,3 PN,3 WC,6 tỷ 100 triệu,4,Cầu Am
"VIP Tòa Nhà 9 Tầng - 78m, MT5m, MP Vạn Phúc - Tố Hữu, Giá 34 Tỷ","Quận Hà Đông, Hà Nội",78 m2,9 PN,9 WC,34 tỷ,9,Vạn Phúc
"Bán Nhà Mậu Lương,Kiến Hưng,Nhà Đẹp,Dân Xây,ÔTô Đỗ Cổng,DT 48m2 Giá 4x","Quận Hà Đông, Hà Nội",48 m2,4 PN,4 WC,4 tỷ 900 triệu,,Kiến Hưng
"Biệt thự Liền kề galaxy Vạn Phúc 108m2-LÔ GÓC- MT 23m,2m 6 tầng 26 tỷ","Quận Hà Đông, Hà Nội",108 m2,4 PN,6 WC,26 tỷ,6,Vạn Phúc
"Bán nhà KĐT Văn Khê, Hà Đông 106m2x6T MT23m Thang máy, Lô góc,","Quận Hà Đông, Hà Nội",106 m2,6 PN,6 WC,29 tỷ 999 triệu,6,Văn Khê
Bán Biệt Thự mặt Phố Nguyễn Văn Lộc-Hà Đông –Vị Trí Siêu Kinh Doanh,"Quận Hà Đông, Hà Nội",153 m2,5 PN,5 WC,44 tỷ 999 triệu,,Nguyễn Văn Lộc
"Bán  Gấp Mảnh Đất Vàng - MẶT PHỐ LÊ TRỌNG TẤN 100 M2 MẶT TIỀN 8,2M","Quận Hà Đông, Hà Nội",100 m2,0 PN,0 WC,30 tỷ,,Đất
Phân lô vỉa hè_mặt tiền tiêu chuẩn_chủ thiện chí bán,"Quận Hà Đông, Hà Nội",50 m2,5 PN,3 WC,13 tỷ 500 triệu,,
"🌟bán nhà mậu lương, gàn trường học, bệnh viện: 31M2-3","Quận Hà Đông, Hà Nội",31 m2,2 PN,2 WC,4 tỷ 200 triệu,,Mậu Lương
🌹🌹  B.Á.N NHÀ PHỐ #Dương Lâm #Hà Đông ♦️NHÀ MỚI KHU DÂN TRÍ CAO   💥,"Quận Hà Đông, Hà Nội",35 m2,4 PN,3 WC,5 tỷ 200 triệu,,
"Hiếm, Nhà lô góc, Ôtô 7 chỗ, Phùng Hưng, Phúc La, Hà Đông chỉ 7.95 Tỷ","Quận Hà Đông, Hà Nội",40 m2,4 PN,3 WC,7 tỷ 950 triệu,95,Phùng Hưng
"Siêu Phẩm, Cầu Đơ 5, Trước Nhà Container Đỗ, Thang máý chờ","Quận Hà Đông, Hà Nội",51 m2,4 PN,3 WC,9 tỷ 500 triệu,,
"Cực phẩm, Nhà Lê Quý Đôn, Nguyễn Trãi, Hà Đông, Đường Ô tô đỗ cửa","Quận Hà Đông, Hà Nội",47 m2,2 PN,2 WC,7 tỷ 400 triệu,,Lê Quý Đôn
"🏆Siêu rẻ, Ôtô vào Nhà, Bà Triệu, Hà Cầu, Hà Đông, 80m2 chỉ 12.3 tỷ 🍀","Quận Hà Đông, Hà Nội",80 m2,3 PN,2 WC,12 tỷ 300 triệu,3,Bà Triệu
"Cực hiếm, Nhà phân lô Ô tô Tránh, Thanh Bình, Mộ Lao, Hà Đông","Quận Hà Đông, Hà Nội",63 m2,3 PN,2 WC,11 tỷ 200 triệu,,Thanh Bình
"SIÊU PHẨM Nguyễn Khuyến, Hà Đông–120m2, 7T,TM, Gara ÔTÔ, KD–Chỉ 21.5Tỷ","Quận Hà Đông, Hà Nội",120 m2,10 PN,10 WC,21 tỷ 500 triệu,7,Nguyễn Khuyến
"Bán đất 64m2, mặt tiền 4m tại Đồng Mai, Hà Đông","Quận Hà Đông, Hà Nội",64 m2,1 PN,1 WC,3 tỷ 500 triệu,,Đất
"Siêu hiếm nhà mặt phố Nguyễn Khuyến-Văn Quán,dt 75m2x5t, nhỉnh 26 tỷ","Quận Hà Đông, Hà Nội",75 m2,6 PN,5 WC,28 tỷ 500 triệu,5,Văn Quán
"Bán nhà 2 tầng đẹp ở ngay tại cầu đơ 1, lên tầng thoải mái; 4,35 tỷ.","Quận Hà Đông, Hà Nội",34 m2,2 PN,2 WC,4 tỷ 350 triệu,2,Cầu Đơ 1
"Bán nhà Trần Phú Hà Đông, gần KĐT Văn Quán. 5 tầng lô góc, 31m, 4.8 tỷ","Quận Hà Đông, Hà Nội",31 m2,3 PN,4 WC,4 tỷ 800 triệu,5,Văn Quán
"Bán nhà 50m2, 5 tầng khu đấu giá Kiến Hưng, Hà Đông, gara oto,  8.8 tỷ","Quận Hà Đông, Hà Nội",50 m2,6 PN,7 WC,8 tỷ 800 triệu,5,Kiến Hưng
"Bán nhà Quang Trung, gần BX Yên Nghĩa, dt 34mx4T, ô tô gần nhà, 3.5 tỷ","Quận Hà Đông, Hà Nội",34 m2,3 PN,3 WC,3 tỷ 500 triệu,4,Quang Trung
"Bán nhà Yên Lộ Yên Nghĩa Hà Đông, dt 36m, 4T, KĐT Đô Nghĩa, chỉ 3.8 tỷ","Quận Hà Đông, Hà Nội",36 m2,3 PN,4 WC,3 tỷ 800 triệu,4,Yên Nghĩa
"Bán nhà riêng tại Trần Phú Hà Đông, dt 52m2, 5T, giá 5.8 tỷ, gần ô tô","Quận Hà Đông, Hà Nội",52 m2,4 PN,4 WC,5 tỷ 800 triệu,5,Trần Phú
"HOT! Bán nhà đẹp Vũ Trọng Khánh quận Hà Đông 52m2, mt 4.4m, giá 6.9 tỷ","Quận Hà Đông, Hà Nội",52 m2,4 PN,4 WC,6 tỷ 900 triệu,9,
"Nhà Vạn Phúc – Hà Đông, ngã tư Vạn Phúc, sau Him Lam, 48m2, 5T, 8.8 tỷ","Quận Hà Đông, Hà Nội",48 m2,6 PN,5 WC,8 tỷ 800 triệu,5,Vạn Phúc
"Bán nhà riêng  đường Trần Phú – Hà Đông 71m2, 6T, thang máy, 14.5 tỷ","Quận Hà Đông, Hà Nội",71 m2,6 PN,6 WC,14 tỷ 500 triệu,6,Trần Phú
"Bán nhà gần chợ Mỗ Lao,Quận Hà Đông, DT 78m2, giá 7.88 tỷ","Quận Hà Đông, Hà Nội",78 m2,4 PN,4 WC,7 tỷ 880 triệu,88,Chợ
"Bán nhà tổ 15 Yên Nghĩa quận Hà Đông, dt 35m2, 5 tầng, giá 2.15 tỷ","Quận Hà Đông, Hà Nội",35 m2,3 PN,4 WC,2 tỷ 150 triệu,5,Yên Nghĩa
"Bán nhà khu phân lô Yên Nghĩa, Hà Đông, 40m2, giá 2.5 tỷ, mới ở ngay","Quận Hà Đông, Hà Nội",40 m2,3 PN,3 WC,2 tỷ 500 triệu,5,Yên Nghĩa
"Bán nhà mới xây gần KĐT Đô Nghĩa, ĐH Phenikaa, 46m2, 3T, nhỉnh 2 tỷ","Quận Hà Đông, Hà Nội",46 m2,3 PN,3 WC,2 tỷ 150 triệu,3,
"Bán nhà riêng tại phường Yên Nghĩa, Hà Đông, 45m2, giá 3 tỷ, ô tô cửa","Quận Hà Đông, Hà Nội",45 m2,3 PN,3 WC,3 tỷ,3,Yên Nghĩa
"Bán nhà Nông Quốc Chấn, Vạn Phúc, Hà Đông 50m2, 7T, Thang máy, KD đỉnh","Quận Hà Đông, Hà Nội",50 m2,6 PN,6 WC,15 tỷ 800 triệu,7,Vạn Phúc
"Bán nhà riêng Vạn Phúc, Hà Đông, dt 50m2, 5 tầng, ô tô vào nhà, 8.5 ỷ","Quận Hà Đông, Hà Nội",50 m2,6 PN,5 WC,8 tỷ 500 triệu,5,Vạn Phúc
"Nhà Vạn Phúc – Hà Đông, gần ngã tư Vạn Phúc, sau Him Lam, 48m2, 5 tầng","Quận Hà Đông, Hà Nội",48 m2,5 PN,4 WC,8 tỷ 800 triệu,5,Vạn Phúc
"căn duy nhất khu Simco Sông Đà, Vạn Phúc, Hà Đông DT 51m2, 5T, 8.9 tỷ","Quận Hà Đông, Hà Nội",51 m2,5 PN,5 WC,8 tỷ 900 triệu,5,Vạn Phúc
"Bán nhà riêng tại đường Thanh Bình Quận Hà Đông, 65m2, 5 tầng, mt 5m","Quận Hà Đông, Hà Nội",65 m2,6 PN,6 WC,9 tỷ 500 triệu,5,Thanh Bình
"bán nhà Yên Lộ cạnh KĐT Đô Nghĩa – Hà Đông, dt 34m2, 5T, giá 3.7 tỷ","Quận Hà Đông, Hà Nội",34 m2,4 PN,4 WC,3 tỷ 700 triệu,5,
"Bán nhà riêng Đường Vạn Phúc Hà Đông, dt 50m2, 5 tầng, ô tô đỗ, 8.6 tỷ","Quận Hà Đông, Hà Nội",50 m2,6 PN,5 WC,8 tỷ 600 triệu,5,Vạn Phúc
"Bán gấp nhà riêng tại Mỗ Lao  quận Hà Đông – 42m2, 5T, chỉ 5.7 tỷ VIP","Quận Hà Đông, Hà Nội",42 m2,4 PN,4 WC,5 tỷ 700 triệu,5,Mỗ Lao
"Bán nhà đường Yên Bình – Yên Nghĩa - HĐ, 5 tầng, 40m2, chỉ có 2.5 tỷ","Quận Hà Đông, Hà Nội",40 m2,3 PN,4 WC,2 tỷ 500 triệu,5,Yên Nghĩa
"Bán nhà KĐG Kiến Hưng quận Hà Đông 60m2, 5 tầng, kd đỉnh, giá 15.8 tỷ","Quận Hà Đông, Hà Nội",60 m2,4 PN,5 WC,15 tỷ 800 triệu,5,Kiến Hưng
"Nhà ở Trần Phú Mỗ Lao Hà Đông, 71m2, 6T Thang máy, gara ô tô, 14.2 tỷ","Quận Hà Đông, Hà Nội",71 m2,7 PN,6 WC,14 tỷ 200 triệu,6,Mỗ Lao
"Cạnh khu Him Lam Vạn Phúc - Tố Hữu Hà Đông,  50m2, 5T, ô tô, có 8.9 tỷ","Quận Hà Đông, Hà Nội",50 m2,6 PN,4 WC,8 tỷ 900 triệu,5,Vạn Phúc
"Nhà ở Mỗ Lao – Hà Đông, ngõ ô tô, kinh doanh, dt 48m, mt 4.5m, 9.7 tỷ","Quận Hà Đông, Hà Nội",48 m2,4 PN,4 WC,9 tỷ 700 triệu,7,Mỗ Lao
"Bán nhà riêng đường Yên Lộ Yên Nghĩa quận Hà Đông, 5Tx36m,  3.8 tỷ","Quận Hà Đông, Hà Nội",36 m2,3 PN,4 WC,3 tỷ 800 triệu,5,Yên Nghĩa
"Bán nhà Nguyễn Văn Lộc, Làng việt kiều Châu Âu - HĐ, 5 tầng, kd, 12 tỷ","Quận Hà Đông, Hà Nội",56 m2,4 PN,4 WC,12 tỷ,5,Làng Việt Kiều Châu Âu
"Bán liền kề KĐT Văn Quán - Hà Đông, TT9 văn quán 69m2, 5 tầng, 14 tỷ","Quận Hà Đông, Hà Nội",69 m2,5 PN,4 WC,14 tỷ 200 triệu,5,Văn Quán
"Bán nhà  Mỗ Lao, quận Hà Đông dt 70m2, 6 tầng thang máy, ô tô, 13.5 tỷ","Quận Hà Đông, Hà Nội",70 m2,6 PN,6 WC,13 tỷ 500 triệu,6,Mỗ Lao
"Bán nhà Nguyễn Văn Lộc  Mộ Lao Hà Đông, 42m, 4T, giá 6.8 tỷ hàng HIẾM!","Quận Hà Đông, Hà Nội",42 m2,4 PN,4 WC,6 tỷ 800 triệu,4,Nguyễn Văn Lộc
"💥QUANG TRUNG- HÀ ĐÔNG  NHÀ ĐẸP DÂN XÂY, DT 38mx3 tầng chỉ 11củ tỏi","Quận Hà Đông, Hà Nội",88 m2,4 PN,3 WC,11 tỷ,3,Quang Trung
"NHÀMỚI, NỘI THẤT, 42m2, 4 TẦNG 2.28 tỷ .","Quận Hà Đông, Hà Nội",38 m2,4 PN,3 WC,2 tỷ 280 triệu,4,
Bán biệt thự VIP nhất khu đô thị Văn Khê 238m2 lô góc đẳng cấp,"Quận Hà Đông, Hà Nội",238 m2,5 PN,5 WC,65 tỷ,,Văn Khê
"Bán nhà phố Xốm, Phú Lãm, Hà Đông, 31M2, 3,99 tỷ.","Quận Hà Đông, Hà Nội",31 m2,3 PN,4 WC,3 tỷ 990 triệu,99,Xốm
Bán nhà lô góc mặt ngõ rộng kinh doanh tốt.vạn phúc- hà đông .6 tỷ,"Quận Hà Đông, Hà Nội",30 m2,4 PN,3 WC,6 tỷ 600 triệu,6,Vạn Phúc
Bán nhà mặt Phố Lụa - Vạn Phúc 300m2 MT 18m,"Quận Hà Đông, Hà Nội",300 m2,6 PN,6 WC,71 tỷ,,Vạn Phúc
"Bán nhà,Phú Lương, Căn góc, kinh doanh, xe con, nội thất 35m2, 5 tầng","Quận Hà Đông, Hà Nội",32 m2,4 PN,4 WC,4 tỷ,5,Phú Lương
"Bán nhà  Mặt Phố Văn Phú, trục chính, vỉa hè khủng, kinh doanh đắc địa","Quận Hà Đông, Hà Nội",150 m2,5 PN,5 WC,381 tỷ,,Văn Phú
"Bán nhà phố Quang Trung, Yên Nghĩa, 35M2, 4 TẦNG, MT4,2M, GIÁ 3,3 TỶ.","Quận Hà Đông, Hà Nội",35 m2,3 PN,4 WC,3 tỷ 300 triệu,4,Quang Trung
"Nhà Kiến Hưng, Mậu Lương, 5 tầng, Giá 5,1 tỷ","Quận Hà Đông, Hà Nội",30 m2,3 PN,4 WC,5 tỷ 100 triệu,5,Kiến Hưng
"Nhà Yên Nghĩa, lô góc, ô tô đỗ cửa, 70m2, 4 tầng, ngõ thông","Quận Hà Đông, Hà Nội",35 m2,4 PN,4 WC,2 tỷ 990 triệu,4,Yên Nghĩa
"Bán nhà Phố Nguyễn Thái Học, TT Hà Đông, 51m2, MT4m, Giá 5,62, Oto đỗ,","Quận Hà Đông, Hà Nội",51 m2,3 PN,2 WC,5 tỷ 620 triệu,,Nguyễn Thái Học
Hà đông hà nội bán nhà giá siêu sốc siêu hời,"Quận Hà Đông, Hà Nội",40 m2,5 PN,3 WC,8 tỷ,,
Chính chủ cần bán nhà mặt ngõ Văn Quán Hà Đông,"Quận Hà Đông, Hà Nội",52 m2,4 PN,4 WC,6 tỷ 200 triệu,,Văn Quán
Bán gấp căn liền kề lô góc Geleximco 60m2 4T giá tốt nhất thị trường,"Quận Hà Đông, Hà Nội",60 m2,5 PN,4 WC,9 tỷ,4,
"Bán biệt thự Geleximco 260m2 4 tầng gần chung cư, đầu tư tốt","Quận Hà Đông, Hà Nội",260 m2,6 PN,5 WC,21 tỷ,4,
"Bán biệt thự Geleximco Lê Trọng Tấn 370m2, 4 tầng, giá rẻ nhất","Quận Hà Đông, Hà Nội",370 m2,8 PN,5 WC,28 tỷ,4,Lê Trọng Tấn
"Bán căn hộ lô góc 3 phòng ngủ, đông nam, tất cả các phòng đều thoáng","Quận Hà Đông, Hà Nội",107 m2,3 PN,2 WC,3 tỷ 300 triệu,,
"Bán nhà mặt phố quang trung vỉa hè đá bóng ,dt 64m2, măt tiền 3,5m","Quận Hà Đông, Hà Nội",39 m2,0 PN,0 WC,3 tỷ 750 triệu,,Quang Trung
hà đông- hà nội- nhà mặt phố -giá siêu sốc-giá hời nhất,"Quận Hà Đông, Hà Nội",40 m2,5 PN,3 WC,8 tỷ,,
"cần bán gấp nhà phố nguyễn văn lộc, mỗ lao, hà đông","Quận Hà Đông, Hà Nội",75 m2,7 PN,5 WC,21 tỷ 500 triệu,,Mỗ Lao
"Bán nhà 04 - LK11 ngõ 264, Nguyễn Văn Lộc, Mỗ Lao, Hà Đông","Quận Hà Đông, Hà Nội",75 m2,8 PN,8 WC,20 tỷ 300 triệu,,Mỗ Lao
"Bán nhà 6 tầng phố Nguyễn Văn Lộc, Mỗ Lao. 75m chỉ 20,3 tỷ","Quận Hà Đông, Hà Nội",75 m2,8 PN,6 WC,20 tỷ 300 triệu,6,Mỗ Lao
B.á.n #nhà_dòng_tiền  phố Nguyễn Khuyến Văn Quán_82m2 * 4 tầng,"Quận Hà Đông, Hà Nội",82 m2,4 PN,3 WC,32 tỷ,4,Văn Quán
"Bán nhà Dương Nội, vài bước chân ra Aeon Mall Hà Đông, 34m2, 3,6 tỷ","Quận Hà Đông, Hà Nội",34 m2,3 PN,3 WC,3 tỷ 600 triệu,6,Dương Nội
"Bán liền kề văn phú hà đông kinh doanh tốt, vị trí đẹp DT90m x Mt4,5m","Quận Hà Đông, Hà Nội",90 m2,5 PN,4 WC,18 tỷ,,Văn Phú
"Nhà Mậu Lương, Hà Đông, lô góc hai thoáng, 35mx5T, MT4.2m, Giá 5.2 tỷ","Quận Hà Đông, Hà Nội",35 m2,3 PN,4 WC,5 tỷ 200 triệu,5,Mậu Lương
"Nhà Văn Quán - Chiến Thắng, 3 thoáng, mới 100%, 38Mx5T, giá 6.8 tỷ","Quận Hà Đông, Hà Nội",38 m2,3 PN,4 WC,6 tỷ 800 triệu,3,Chiến Thắng
"Siêu phẩm Phố Đại An, 45mx4T, gần hồ Văn Quán, Giá 8,6 tỷ","Quận Hà Đông, Hà Nội",45 m2,4 PN,2 WC,8 tỷ 600 triệu,4,Đại An
"Nhà view hồ VĂN QUÁN xem pháo hoa, 54mx5T, ở, kinh doanh, giá 8.8 tỷ","Quận Hà Đông, Hà Nội",54 m2,5 PN,4 WC,8 tỷ 800 triệu,5,Văn Quán
bán nhà mặt phố Chiến thắng 95m2 mt 10m kinh doanh sầm uất hơn 16 tỷ,"Quận Hà Đông, Hà Nội",95 m2,4 PN,4 WC,17 tỷ,16,Chiến Thắng
bán nhà liền kề terra An Hưng 83m2 mặt tiền 5m 4 tầng 15.8 tỷ cực đẹp,"Quận Hà Đông, Hà Nội",83 m2,4 PN,4 WC,15 tỷ 800 triệu,4,
phân lô giãn dân vỉa hè Chiến thắng 40m2 5 tầng mt 4m cực hiếm,"Quận Hà Đông, Hà Nội",40 m2,6 PN,4 WC,9 tỷ 600 triệu,5,Chiến Thắng
bán nhà đường Vạn phúc 48m2 5 tầng ô tô tránh cực hiếm hơn 8 tỷ,"Quận Hà Đông, Hà Nội",48 m2,6 PN,4 WC,8 tỷ 800 triệu,5,Vạn Phúc
Biệt thự Lô góc khu Đô thị Xa La chủ cần bán gấp 225m2 mặt tiền 13m,"Quận Hà Đông, Hà Nội",225 m2,6 PN,6 WC,48 tỷ,,Xa La
bán nhà chiến thắng đường 12m vải hè 40m2 mặt tiền 4m,"Quận Hà Đông, Hà Nội",40 m2,2 PN,1 WC,9 tỷ 200 triệu,,Chiến Thắng
bán đất dọc bún 1 50m2 c4 mt 4m vỉa hè 5m ô tô tránh,"Quận Hà Đông, Hà Nội",50 m2,1 PN,1 WC,11 tỷ 799 triệu,,Đất
phân lô 2 mặt đường kinh doanh Khu Văn quán 72m2 5 tầng mt 4.5m,"Quận Hà Đông, Hà Nội",72 m2,6 PN,4 WC,15 tỷ,5,Văn Quán
bán nhà liền kề bắc Hà - Mộ Lao Hà Đông 86m2 5 tầng cực hiếm,"Quận Hà Đông, Hà Nội",86 m2,5 PN,4 WC,18 tỷ 999 triệu,5,Bắc
siêu phẩm phâm lô Vạn phúc 50m2 mt 5m vỉa hè ô tô tránh,"Quận Hà Đông, Hà Nội",50 m2,5 PN,4 WC,13 tỷ 600 triệu,,Vạn Phúc
bán nhà mặt đường view Hồ 78m2 5 tầng mt 4.5m siêu hiếm khu Mộ Lao,"Quận Hà Đông, Hà Nội",78 m2,5 PN,4 WC,18 tỷ 600 triệu,5,
"PHÚ LÃM -HÀ ĐÔNG nhà  dân xây chỉ việc sách vali về ở,dt 35M HƠN 3TỶ","Quận Hà Đông, Hà Nội",35 m2,3 PN,2 WC,3 tỷ 749 triệu,3,Phú Lãm
"NHÀ SIÊU HIẾM! Đi bộ ra hồ Văn Quán, ô tô, ngõ to, Giá 5.3 tỷ","Quận Hà Đông, Hà Nội",30 m2,3 PN,2 WC,5 tỷ 300 triệu,3,Văn Quán
"Bán nhà Mậu Lương,  PHÂN LÔ, Ô TÔ ĐỖ CỬA VÀO NHÀ, 55MX5T, GIÁ 9.5 TỶ","Quận Hà Đông, Hà Nội",50 m2,6 PN,4 WC,9 tỷ 500 triệu,5,Mậu Lương
"Bán gấp BIệt Thự KĐT Xa La, vị trí đẹp siêu đỉnh, an sinh tuyệt vời","Quận Hà Đông, Hà Nội",228 m2,5 PN,5 WC,27 tỷ 500 triệu,,Xa La
"Bán nhà Quang Trung - Hà Đông, DT 35m, MT5.5m, Giá 3.55 tỷ, ở ngay","Quận Hà Đông, Hà Nội",31 m2,3 PN,3 WC,3 tỷ 550 triệu,55,Quang Trung
"Bán nhà Phố Phan Chu Trinh, ngay cạnh Bưu điện HĐ, 44mx4T, giá 11.5 ỷ","Quận Hà Đông, Hà Nội",44 m2,4 PN,2 WC,11 tỷ 500 triệu,4,Phan Chu Trinh
"Bán nhà đường Thanh Bình, Hà Đông, 42mx4T, MT4m, Giá 5,8 tỷ","Quận Hà Đông, Hà Nội",42 m2,2 PN,2 WC,5 tỷ 800 triệu,4,Thanh Bình
"Bán Liền kề PL Mậu Lương, vị trí đẹp, vỉa hè rộng, 62m x 4T, MT 5m","Quận Hà Đông, Hà Nội",62 m2,4 PN,4 WC,13 tỷ 500 triệu,4,Mậu Lương
"Bán Biệt thự KĐT Văn Phú, vị trí cực đẹp, vỉa hè rộng, an sinh đỉnh","Quận Hà Đông, Hà Nội",186 m2,5 PN,4 WC,24 tỷ 500 triệu,,Văn Phú
"Bán nhà MP Mậu Lương, KD sầm uất, vỉa hè, thang máy, 46m x 7 tầng","Quận Hà Đông, Hà Nội",46 m2,5 PN,5 WC,14 tỷ,7,Mậu Lương
"Bán LK KĐT Xa La, gần các bệnh viện lớn, 80m x 5T, MT 5m, giá hợp lý","Quận Hà Đông, Hà Nội",80 m2,5 PN,4 WC,15 tỷ,5,Xa La
"Bán LK khu PL Mậu Lương, Hà Đông, TK hiện đại, thang máy, 63m, 7 tầng","Quận Hà Đông, Hà Nội",63 m2,5 PN,6 WC,16 tỷ,7,Mậu Lương
"Bán nhà Trần Phú Hà Đông, 36m2 5 tầng, mua nhà tặng sân chung, 4.95 tỷ","Quận Hà Đông, Hà Nội",36 m2,4 PN,4 WC,4 tỷ 950 triệu,5,Trần Phú
"Bán nhà Vạn Phúc, Hà Đông: Nhà Phân Lô, 30m2 MT4m, Ô tô đỗ cửa, 3.7 tỷ","Quận Hà Đông, Hà Nội",30 m2,4 PN,4 WC,3 tỷ 700 triệu,7,Vạn Phúc
"Bán nhà Lê Hồng Phong, Cầu Đơ, 40m2, Lô góc nhiều sáng thoáng, 5 tầng,","Quận Hà Đông, Hà Nội",40 m2,5 PN,5 WC,7 tỷ 500 triệu,5,Lê Hồng Phong
"Bán nhà Chiến Thắng Hà Đông, 56m2, 5 tầng, Vỉa hè phân lô, Ô tô tránh.","Quận Hà Đông, Hà Nội",55 m2,6 PN,5 WC,19 tỷ 400 triệu,5,Chiến Thắng
"Bán nhà Trần Phú, Hà Đông, Văn Quán: 48m2, 5 tầng, Ô tô đỗ cửa, để ô c","Quận Hà Đông, Hà Nội",48 m2,4 PN,4 WC,6 tỷ 950 triệu,5,Văn Quán
"Bán nhà Phố Cổ Tô Hiêu, Hà Đông: 35m2, 5 tầng, F0 Dân tự xây, 5.65 tỷ.","Quận Hà Đông, Hà Nội",35 m2,4 PN,4 WC,5 tỷ 650 triệu,5,
"Bán nhà Ngã Tư Tô Hiệu, Nhuệ Giang, 45m2, 5 tầng, Vỉa hè, Phân lô,Ô tô","Quận Hà Đông, Hà Nội",45 m2,5 PN,5 WC,11 tỷ 250 triệu,5,Nhuệ Giang
"Bán nhà Phân Lô, Ô tô vào nhà, mặt tiền 4m 59m2 19/5 Hà Đông  7.9 tỷ","Quận Hà Đông, Hà Nội",59 m2,3 PN,2 WC,7 tỷ 900 triệu,9,
"Bán nhà Phân Lô, Vỉa hè, Ô tô đỗ tránh Chiến Thắng 40m2 Mặt tiền4m 7tỷ","Quận Hà Đông, Hà Nội",40 m2,2 PN,1 WC,7 tỷ,7,Chiến Thắng
"🏠 Bán nhà 5 tầng Chiến Thắng, Hà Đông, diện tích 14/24m2, giá 2.8 tỷ","Quận Hà Đông, Hà Nội",14 m2,3 PN,4 WC,2 tỷ 800 triệu,5,Chiến Thắng
"Bán nhà Trần Phú Hà Đông, ô tô vào cửa, 2 thoáng vĩnh viễn, 3 tầng, 40","Quận Hà Đông, Hà Nội",40 m2,4 PN,3 WC,5 tỷ 500 triệu,2,Trần Phú
"🏠 Bán nhà Hà Trì 3 tầng 41m2 giá 3.7 tỷ, nhà dân xây, hai thoáng","Quận Hà Đông, Hà Nội",38 m2,4 PN,3 WC,3 tỷ 700 triệu,3,Hà Trì
"Bán nhà Trần Phú Hà Đông ngõ nông ô tô tránh, 10m ra đường lớn, 46m2.","Quận Hà Đông, Hà Nội",46 m2,4 PN,4 WC,5 tỷ 700 triệu,,Trần Phú
"Bán nhà phân lô cực hiếm Chiến Thắng Hà Đông, 39m2 4 tầng","Quận Hà Đông, Hà Nội",39 m2,4 PN,3 WC,6 tỷ 800 triệu,4,Chiến Thắng
"Bán nhà Cấp 4 Đường Thanh Bình Hà Đông nhỏ tiền, Ngõ nông, nhỉnh 3 tỷ.","Quận Hà Đông, Hà Nội",30 m2,1 PN,1 WC,3 tỷ 200 triệu,3,Thanh Bình
"Bán nhà siêu đẹp Ngõ 61 Vạn Phúc Hà Đông. 44m2, 4 tầng, 5,5 tỷ. Nội th","Quận Hà Đông, Hà Nội",44 m2,4 PN,3 WC,5 tỷ 600 triệu,4,Vạn Phúc
"Bán nhà dân xây Thanh Lãm Hà Đông, 3 tầng 3 ngủ giá 2.6 tỷ. Lh: 076600","Quận Hà Đông, Hà Nội",30 m2,3 PN,2 WC,2 tỷ 600 triệu,3,Thanh Lãm
"Bán nhà Chiến Thắng Hà Đông: Vỉa hè, ô tô tránh, thang máy. 45m2, 9 tỷ","Quận Hà Đông, Hà Nội",40 m2,4 PN,4 WC,9 tỷ 300 triệu,9,Chiến Thắng
"Bán nhà hiếm đường 19/5 Hà Đông, 5 tầng lô góc 32m2, mặt tiền 6.6m","Quận Hà Đông, Hà Nội",32 m2,4 PN,5 WC,4 tỷ 400 triệu,5,
"Bán nhà ngã 3 Phùng Hưng, Tô Hiệu, 19/5 45m2 MT5m. Ô tô vào nhà. 7.x t","Quận Hà Đông, Hà Nội",45 m2,4 PN,4 WC,7 tỷ,,Phùng Hưng
"Bán nhà tt Báo Thanh Tra, Nguyễn Trãi Hà Đông, 40m2, 5 tầng, ô tô 10m","Quận Hà Đông, Hà Nội",40 m2,4 PN,4 WC,7 tỷ,5,Nguyễn Trãi
"Bán nhà dân xây đẹp Hà Trì 1, Hà Đông lô góc 50m2, 4 tầng, Giá 5,6 tỷ","Quận Hà Đông, Hà Nội",50 m2,6 PN,4 WC,5 tỷ 600 triệu,4,Hà Trì
"Bán nhà Cầu Đơ, Lê Hồng Phong, 35m2x5 tầng, An sinh tốt, ô tô 30m kinh","Quận Hà Đông, Hà Nội",35 m2,4 PN,4 WC,4 tỷ 850 triệu,5,Lê Hồng Phong
"Bán nhà dân xây Ao Sen Mộ Lao 36m2 x 5 tầng, đẹp long lanh, Ô tô 20m","Quận Hà Đông, Hà Nội",36 m2,4 PN,4 WC,5 tỷ 950 triệu,5,Ao Sen
"Bán nhà Lô góc Mặt phố Yên Bình - Phúc La 28m2 x5.4 tỷ, ô tô đỗ cửa","Quận Hà Đông, Hà Nội",28 m2,2 PN,2 WC,5 tỷ 400 triệu,4,
"Bán nhà Chiến Thắng 35m2 x 5 Tầng x 5.1 tỷ, phân lô, Nhìn ra hồ, ô tô","Quận Hà Đông, Hà Nội",35 m2,6 PN,4 WC,5 tỷ 100 triệu,5,Chiến Thắng
"Bán nhà Ao Sen Mộ Lao 40m2 x 5 tầng, mặt tiền 4m, kinh doanh sầm uất,","Quận Hà Đông, Hà Nội",40 m2,5 PN,4 WC,11 tỷ 200 triệu,5,Ao Sen
"Bán nhà Phân Lô mặt Phố Văn Quán - Dương Lâm, Ô tô đỗ cửa, kinh doanh","Quận Hà Đông, Hà Nội",75 m2,5 PN,4 WC,13 tỷ 900 triệu,,Văn Quán
"Bán nhà Lô góc ba thoáng tại Chiến Thắng, Văn Quán, Vỉa hè, Ô TÔ","Quận Hà Đông, Hà Nội",50 m2,8 PN,8 WC,8 tỷ 500 triệu,,Chiến Thắng
"Bán nhà ngõ thông Bà Triệu, Lê Lợi, Phố cổ Hà Đông, 5 tầng, ô tô đỗ","Quận Hà Đông, Hà Nội",35 m2,4 PN,4 WC,7 tỷ 600 triệu,5,Bà Triệu
"Bán nhà Ngõ 181 Trần Phú, Hà Đông, THANG MÁY, 51m2 x 5 tầng x 7m","Quận Hà Đông, Hà Nội",56 m2,4 PN,4 WC,8 tỷ 900 triệu,181,Trần Phú
"Bán nhà Lô Nguyễn Công Trứ Hà Đông 80m2, mặt tiền 7.5m, Ngõ thoán","Quận Hà Đông, Hà Nội",80 m2,3 PN,2 WC,9 tỷ,,Nguyễn Công Trứ
Bán nhà lô góc thoáng sáng 35m2 x 5 tầng Ngô Thì Nhậm Nguyễn Viết Xuân,"Quận Hà Đông, Hà Nội",35 m2,4 PN,4 WC,5 tỷ 750 triệu,5,Ngô Thì Nhậm
"Bán nhà Chiến Thắng Hà Đông, Có Gara Ôtô, Gần 4 trường ĐH, 45m2, 5tầng","Quận Hà Đông, Hà Nội",45 m2,4 PN,3 WC,10 tỷ 500 triệu,4,Chiến Thắng
"🏠 Bán nhà 4 tầng 32m2 Nguyễn Khuyến, Hà Đông, mặt tiền 4.2m, giá 3.8","Quận Hà Đông, Hà Nội",32 m2,3 PN,4 WC,3 tỷ 800 triệu,4,Nguyễn Khuyến
"Bán nhà 4 tầng lô góc Ao Sen, Hà Đông, Kinh Doanh, Ô tô, Lô góc...","Quận Hà Đông, Hà Nội",30 m2,4 PN,3 WC,6 tỷ 600 triệu,4,Ao Sen
"Bán nhà Bà Triệu Nguyễn Trãi Hà Đông,35m2 Dân xây, 2 thoáng, 10m ô tô,","Quận Hà Đông, Hà Nội",35 m2,4 PN,4 WC,4 tỷ 650 triệu,2,Bà Triệu
"Bán nhà 4 tầng lô góc, Ô tô, Tầng 2: 32/40m2 Bế Văn Đàn Hà Đông giá 5.","Quận Hà Đông, Hà Nội",32 m2,4 PN,3 WC,5 tỷ 750 triệu,4,Bế Văn Đàn
"Bán nhà VIEW SÔNG Tỉnh Đội Xa La, 5 tầng x 40m² mặt tiền 5m, vỉa hè, ô","Quận Hà Đông, Hà Nội",40 m2,8 PN,8 WC,8 tỷ 200 triệu,5,Xa La
🏠 Bán nhà phố Đại An Văn Quán - Mặt phố ô tô tránh - Kinh doanh,"Quận Hà Đông, Hà Nội",70 m2,4 PN,3 WC,13 tỷ,,Đại An
"Bán nhà Tô Hiệu Nguyễn Trãi 50m2, 3 Thoáng vĩnh viễn, ô tô đỗ cửa, 6.9","Quận Hà Đông, Hà Nội",50 m2,4 PN,4 WC,6 tỷ 900 triệu,3,Nguyễn Trãi
"Bán nhà Lê Quý Đôn, Nguyễn Trãi,48,5m2, 4 tầng,Ngõ Thông Thoáng, ô tô","Quận Hà Đông, Hà Nội",35 m2,4 PN,4 WC,4 tỷ 700 triệu,4,Lê Quý Đôn
"Bán nhà Hoàng Hoa Thám, Hà Dông, 30m2 x4 tầng, Cách 9m ra đường lớn. 3","Quận Hà Đông, Hà Nội",30 m2,2 PN,3 WC,3 tỷ 400 triệu,4,Hoàng Hoa Thám
"Bán nhà Bà Triều Hà Đông 35m2 x 5 Tầng, Dân xây cẩn thận, 10m ra đường","Quận Hà Đông, Hà Nội",35 m2,4 PN,4 WC,4 tỷ 250 triệu,5,
"Bán nhà Bà Triệu, Nguyễn Trãi, Hà Đông, 49,6m2, 4 tầng, ô tô 10m, 4.65","Quận Hà Đông, Hà Nội",50 m2,4 PN,4 WC,4 tỷ 650 triệu,4,Bà Triệu
"Bán nhà Nguyễn Văn Lộc Hà Đông, 38m2 x 5 tầng x 5.95 tỷ, Nhà dân xây","Quận Hà Đông, Hà Nội",38 m2,3 PN,4 WC,5 tỷ 950 triệu,5,Nguyễn Văn Lộc
"Bán nhà Lê Lợi, Lê Hồng Phong 4 tầng, 3 ngủ, Ô tô 10 bước. 6.x tỷ.","Quận Hà Đông, Hà Nội",32 m2,4 PN,4 WC,6 tỷ,4,Lê Hồng Phong
Bán nhà 3 tầng 30m2 Mặt tiền 4.4m giá đẹp 2.9 tỷ Quang Trung,"Quận Hà Đông, Hà Nội",30 m2,3 PN,2 WC,2 tỷ 900 triệu,3,Quang Trung
"Bán nhà Vũ Trọng Khánh lô góc mặt tiền 12m, 7 tầng 10 ngủ, kinh doanh","Quận Hà Đông, Hà Nội",47 m2,10 PN,10 WC,11 tỷ 300 triệu,7,
"Bán nhà Bạch Thái Bưởi 48m2 x 5 tầng x 7.8 tỷ,ô tô, kinh doanh.","Quận Hà Đông, Hà Nội",48 m2,5 PN,5 WC,7 tỷ 800 triệu,5,Bạch Thái Bưởi
"Bán nhà ngã 3 Chiến Thắng 19/5 Ô tô, vỉa hè, cạnh Học Viên An Ninh","Quận Hà Đông, Hà Nội",42 m2,4 PN,3 WC,9 tỷ,,Chiến Thắng
"Bán nhà Mậu Lương 57m2 x 4 Tầng x 5.05 tỷ, Mặt tiền 5m 5 phòng ngủ","Quận Hà Đông, Hà Nội",57 m2,5 PN,4 WC,5 tỷ 50 triệu,4,Mậu Lương
"Bán nhà Nguyễn Văn Trỗi Mỗ Lao, 39m2, Mặt tiền hiếm 5.2m. Ô tô, vỉa hè","Quận Hà Đông, Hà Nội",39 m2,4 PN,2 WC,9 tỷ 500 triệu,,Mỗ Lao
Bán nhà 4 tầng 44m2 giá 5.5 tỷ - 30m ra phố trung tâm Hà Trì.,"Quận Hà Đông, Hà Nội",44 m2,3 PN,3 WC,5 tỷ 500 triệu,4,Hà Trì
"🏠 Bán nhà 4 tầng Trường Học Viện An Ninh, diện tích 45m2, giá 7.x tỷ","Quận Hà Đông, Hà Nội",45 m2,4 PN,3 WC,7 tỷ 200 triệu,4,
"Bán CCMN Chiến Thắng Văn Quán, Cạnh Tổng Cục 5, Lô góc, 6 tầng x 50m2,","Quận Hà Đông, Hà Nội",50 m2,10 PN,10 WC,6 tỷ 900 triệu,6,Chiến Thắng
"🏡 Bán nhà 5 tầng Yên Phúc 43m2 giá 7.95 tỷ - Lô góc, ô tô tránh.","Quận Hà Đông, Hà Nội",43 m2,7 PN,5 WC,7 tỷ 950 triệu,5,Yên Phúc
"Bán nhà 52mx5 tầng, ngõ 200 Thanh Bình Mỗ Lao,Sang trọng, ô tô, 8.5 tỷ","Quận Hà Đông, Hà Nội",52 m2,7 PN,5 WC,8 tỷ 500 triệu,5,Mỗ Lao
"🏠 Bán nhà 3 tầng Trần Phú Hà Đông 49m2 giá 7.5 tỷ, Ô tô lùi cửa.","Quận Hà Đông, Hà Nội",49 m2,2 PN,2 WC,7 tỷ 500 triệu,3,Trần Phú
"Bán nhà Nguyễn Văn Trỗi, 56m x 5 tầng, Yên tĩnh, giá 5.5 tỷ.","Quận Hà Đông, Hà Nội",56 m2,4 PN,4 WC,5 tỷ 500 triệu,5,Nguyễn Văn Trỗi
"Bán LK KĐG Ngõ kẻng Kiến Hưng, 50m2, 4 tầng, đường ô tô, vỉa hè","Quận Hà Đông, Hà Nội",50 m2,4 PN,3 WC,8 tỷ 950 triệu,4,Kiến Hưng
Bán nhà Lê Trọng Tấn Hà Đông 35m2 5 tầng 5.7 tỷ ô tô lùi ngõ.,"Quận Hà Đông, Hà Nội",35 m2,5 PN,4 WC,5 tỷ 700 triệu,5,Lê Trọng Tấn
"🏠 Bán nhà cấp 4 có gác xép 31m2 Chiến Thắng, Văn Quán, Hà Đông 3.6 tỷ","Quận Hà Đông, Hà Nội",31 m2,2 PN,1 WC,3 tỷ 600 triệu,6,Chiến Thắng
"🏠 Bán nhà 5 tầng Văn Phú, Hà Đông 45m2 5.4 tỷ - Nhà mới - cạnh KĐT","Quận Hà Đông, Hà Nội",45 m2,5 PN,4 WC,5 tỷ 400 triệu,5,Văn Phú
"Bán nhà mặt Phố Lụa 151m2, mặt tiền 9m, Đất kinh doanh giá nhỉnh 26 tỷ","Quận Hà Đông, Hà Nội",151 m2,2 PN,2 WC,26 tỷ 500 triệu,26,Đất
Bán nhà 2 tầng 31m2 Mặt tiền 4.4m Lê Trọng Tấn Ô tô vào nhà giá 4.4tỷ.,"Quận Hà Đông, Hà Nội",31 m2,1 PN,2 WC,4 tỷ 400 triệu,2,Lê Trọng Tấn
"Bán nhà Ngô Quyền, Hà Đông, 32m2 5 tầng, Ô tô đỗ cửa nhà, 4.95 tỷ.","Quận Hà Đông, Hà Nội",32 m2,4 PN,4 WC,4 tỷ 950 triệu,5,Ngô Quyền
Bán nhà Lô góc thoáng sáng Yên Phúc 43mx4 tầng mặt tiền 3.9m 6.2 tỷ,"Quận Hà Đông, Hà Nội",43 m2,4 PN,3 WC,6 tỷ 200 triệu,4,Yên Phúc
"Bán nhà Mỗ Lao, Hà Đông, Lô góc 50m2, MT 4m, Ngõ thoáng sáng, Ô tô các","Quận Hà Đông, Hà Nội",50 m2,4 PN,4 WC,6 tỷ 350 triệu,,Mỗ Lao
"Bán nhà Bế Văn Đàn, Quang Trung: 45m2, Tặng nội thất, 7 chỗ đỗ 6.25 tỷ","Quận Hà Đông, Hà Nội",44 m2,5 PN,4 WC,6 tỷ 250 triệu,25,Bế Văn Đàn
"Bán nhà Trần Phú Hà Đông, 5 tầng, Ngõ thông thoáng, gần sở tu pháp, 4.","Quận Hà Đông, Hà Nội",35 m2,7 PN,4 WC,4 tỷ 650 triệu,5,Trần Phú
"Bán nhà Nhuệ Giang, Vườn Hoa Hà Đông: 40m2, 5 tầng, Vỉa Hè, View Sông,","Quận Hà Đông, Hà Nội",40 m2,4 PN,4 WC,10 tỷ 900 triệu,5,Nhuệ Giang
"Bán nhà Văn Yên gần Trung Tâm Văn Hóa Hà Nội 38m2 x5tầng Ô tô, Kinh do","Quận Hà Đông, Hà Nội",38 m2,5 PN,4 WC,6 tỷ 800 triệu,5,Văn Yên
"Bán nhà Phùng Hưng Phúc La phân lô, ô tô cách 25m, ngõ thoáng sáng, 80","Quận Hà Đông, Hà Nội",80 m2,4 PN,4 WC,9 tỷ,,Phùng Hưng
"Bán nhà Phố Lụa, Vạn Phúc: 40m2, 3 tầng, Chủ bán đất tặng nhà, 4.2 tỷ.","Quận Hà Đông, Hà Nội",40 m2,2 PN,2 WC,4 tỷ 200 triệu,3,Vạn Phúc
"Bán nhà Ngô Quyên, Hà Đông, 38m2, 5 tầng, Phân Lô học viện chính trị","Quận Hà Đông, Hà Nội",38 m2,4 PN,4 WC,6 tỷ 150 triệu,5,
Bán nhà lê trọng tân hà đôn-hà nội dt 40 x 5 tầng giá 6.9 tỷ,"Quận Hà Đông, Hà Nội",40 m2,4 PN,4 WC,6 tỷ 900 triệu,5,
"Siêu phẩm Trần Phú, phú quý ngập tràn.","Quận Hà Đông, Hà Nội",48 m2,5 PN,4 WC,5 tỷ 200 triệu,,Trần Phú
Chính chủ cần nhà ngỗ quyền - la khê - hà đông 32m2 x 5tầng - 5.35 tỷ,"Quận Hà Đông, Hà Nội",32 m2,3 PN,3 WC,5 tỷ 350 triệu,5,
"Bán nhà Mỗ Lao, Nhà Phân Lô Văn Minh Hiện Đại , 40m² ,14 tỷ","Quận Hà Đông, Hà Nội",40 m2,8 PN,4 WC,14 tỷ,14,Mỗ Lao
Bán nhà ngã 4 vạn phúc- ô tô vào nhà- hà đông 5 tầng- dt,"Quận Hà Đông, Hà Nội",48 m2,5 PN,4 WC,8 tỷ 900 triệu,5,Vạn Phúc
Bán nhà lô góc mặt phố lê quý đôn cạnh phố tô hiệu- lê hồng phong-,"Quận Hà Đông, Hà Nội",41 m2,5 PN,4 WC,7 tỷ 500 triệu,,Lê Hồng Phong
Cần bán gấp nhà 5 tầng ô tô tránh trước nhà- mặt phố trần đăng ninh-,"Quận Hà Đông, Hà Nội",41 m2,5 PN,4 WC,10 tỷ,5,Trần Đăng Ninh
Bán nhà LK KĐG Mậu Lương Hà Đông Vỉa hè Ô tô Kinh doanh 60m 5T MT 5m.,"Quận Hà Đông, Hà Nội",60 m2,6 PN,4 WC,11 tỷ 500 triệu,5,Mậu Lương
"Bán nhà LK - KĐT Mậu Lương, Hà Đông, KD VP, ô tô tránh, 50m, 4T, MT 5m","Quận Hà Đông, Hà Nội",50 m2,4 PN,3 WC,9 tỷ 300 triệu,4,Mậu Lương
"Bán gấp nhà 5tầng Hòa Bình Yên Nghĩa Hà Đông, chủ giảm 50trcòn 2.35 tỷ","Quận Hà Đông, Hà Nội",30 m2,3 PN,4 WC,2 tỷ 350 triệu,5,Yên Nghĩa
"Bán gấp căn Liền kề KĐT Văn Khê, La Khê, Hà Đông, 50m, 7T thang máy.","Quận Hà Đông, Hà Nội",50 m2,5 PN,6 WC,12 tỷ,7,Văn Khê
30m2*5T- MT4.8m- 4.5 tỷ - Mậu Lương Hà Đông nhà mới Oto cách 30m gần ố,"Quận Hà Đông, Hà Nội",30 m2,3 PN,4 WC,4 tỷ 500 triệu,5,Mậu Lương
"Biệt thự KĐT văn quán, trục chính nguyễn khuyến, 200m2, 3 tầng, mt 10m","Quận Hà Đông, Hà Nội",199 m2,5 PN,6 WC,66 tỷ,3,Văn Quán
Lô Góc Biệt Thư KDT Văn Quán 101M 5T MT 18M Rẻ Doanh Thu 70TR/ tháng,"Quận Hà Đông, Hà Nội",101 m2,6 PN,6 WC,36 tỷ 900 triệu,5,Văn Quán
"Mặt phố, lô góc ,kinh doanh quá đẹp tại Kiến Hưng giá 9.8 tỷ","Quận Hà Đông, Hà Nội",49 m2,4 PN,4 WC,9 tỷ 800 triệu,8,
Bán nhà Khu DV Vạn Phúc Siêu đẹp,"Quận Hà Đông, Hà Nội",40 m2,4 PN,2 WC,11 tỷ 800 triệu,,Vạn Phúc
Bán Khu đất dịch vụ Mỗ Lao Hà đông,"Quận Hà Đông, Hà Nội",50 m2,2 PN,1 WC,10 tỷ 500 triệu,,Đất
"mặt phố Đa Sỹ,Kiến Hưng,Hà Đông KINH DOANH TỐT 2 MẶT THOÁNG","Quận Hà Đông, Hà Nội",50 m2,4 PN,4 WC,9 tỷ 800 triệu,,
"Hàng Hiếm Hà Trì Hà Đông, thang máy, ôtô đỗ cổng,80m giá 10.5","Quận Hà Đông, Hà Nội",80 m2,12 PN,12 WC,10 tỷ 500 triệu,,
"Chủ nhà cần tiền gấp,đại hạ giá, chưa tới 100 triệu/m2 vuông  phố","Quận Hà Đông, Hà Nội",63 m2,2 PN,2 WC,6 tỷ 200 triệu,100,
BÁN NHÀ -DƯƠNG NỘI -Phân lô -ÔTô tránh đỗ của -MT 5M-5 Tầng  -10.5 Tỷ,"Quận Hà Đông, Hà Nội",50 m2,4 PN,5 WC,10 tỷ 500 triệu,5,Dương Nội
"Chủ Nhà Cần Tiền Gấp, Đại Hạ Giá Để Bán Nhanh Căn Nhà Phan Đình Giót","Quận Hà Đông, Hà Nội",63 m2,2 PN,2 WC,6 tỷ 150 triệu,,Phan Đình Giót
Hạ chào 1.5 tỷ bán nhà mặt phố Bà Triệu 127m2 C4 mt 8m 26 tỷ Hà Đông,"Quận Hà Đông, Hà Nội",127 m2,1 PN,1 WC,26 tỷ 500 triệu,5,Bà Triệu
NHÀ PHÂN LÔ-NGÔ QUYỀN -Ngõ ô tô tránh -ô tô vào nhà-DT50-GIÁ 8.8 TỶ,"Quận Hà Đông, Hà Nội",50 m2,4 PN,5 WC,8 tỷ 800 triệu,8,Ngô Quyền
BÁN NHÀ LÊ HỒNG PHONG -Lô góc -3 Thoáng -Ô Tô đỗ cửa-DT 50-GIÁ 8.3 TỶ,"Quận Hà Đông, Hà Nội",50 m2,3 PN,4 WC,8 tỷ 300 triệu,3,Lê Hồng Phong
Bán nhà mặt phố Quang Trung Hà Đông 103m2 mt 6m chỉ 31 tỷ kinh doanh,"Quận Hà Đông, Hà Nội",103 m2,5 PN,6 WC,31 tỷ 500 triệu,31,Quang Trung
Giảm chào 500tr Bán gấp nhà Trần Phú Hà Đông 85m2 mt 5m chỉ 14 tỷ,"Quận Hà Đông, Hà Nội",85 m2,1 PN,1 WC,14 tỷ 700 triệu,500,Trần Phú
Hạ chào 200tr Bán gấp nhà mặt tiền 7m Quang Trung 52m2 4 tầng chỉ 11tỷ,"Quận Hà Đông, Hà Nội",52 m2,4 PN,4 WC,11 tỷ,200,Quang Trung
Bán gấp nhà liền kề Mậu Lương 50m2 x 5 tầng MT 5m thang máy chỉ 8 tỷ,"Quận Hà Đông, Hà Nội",50 m2,4 PN,4 WC,8 tỷ,5,Mậu Lương
"Nhà trung tâm hà đông nằm trong khu dân trí cao vài bước ra phố, chợ,","Quận Hà Đông, Hà Nội",35 m2,4 PN,3 WC,7 tỷ 600 triệu,,Chợ
"Bán căn LK Lacasta văn  phú, Hà Đông.","Quận Hà Đông, Hà Nội",102 m2,6 PN,5 WC,32 tỷ,,
"Nhà đẹp phố vạn phúc chủ đã giảm 100tr chờ khách hàng thiện trí mua,","Quận Hà Đông, Hà Nội",40 m2,3 PN,2 WC,7 tỷ 450 triệu,100,Vạn Phúc
"Bán nhà liền kề Lacasta Văn Phú- diện tích 75m2, giá nhỉnh 13 tỷ","Quận Hà Đông, Hà Nội",75 m2,5 PN,6 WC,13 tỷ 500 triệu,13,Văn Phú
"Bán nhà phố Bà triệu- Tô Hiệu, ngõ gần ô tô, 45m/5,5 tỷ","Quận Hà Đông, Hà Nội",45 m2,3 PN,3 WC,5 tỷ 500 triệu,5,Bà Triệu
"Vũ Văn Cẩn- Vạn Phúc, ô tô đỗ vào nhà nhỉnh 5 tỷ, nhà mới đủ nội thất","Quận Hà Đông, Hà Nội",35 m2,4 PN,5 WC,5 tỷ 800 triệu,5,Vạn Phúc
"Nhà liền kề Văn Phú - Phú La, 70-90m2 giá 9- 11 tỷ/ căn, đường to","Quận Hà Đông, Hà Nội",90 m2,4 PN,5 WC,9 tỷ 200 triệu,11,Văn Phú
"Bán nhà tại khu đô thị Văn Khê, 83m2 nhà 4 tầng vị trí trung tâm","Quận Hà Đông, Hà Nội",82 m2,5 PN,5 WC,10 tỷ 800 triệu,4,Văn Khê
"Bán nhà 5 tầng 48m văn la- Văn Phú 2 mặt tiền, doanh thu gần 300tr/năm","Quận Hà Đông, Hà Nội",46 m2,6 PN,6 WC,8 tỷ 200 triệu,5,Văn Phú
"Nhà Liền kề Mậu Lương- Kiến Hưng, 6 tầng/thang máy/ 4 ngủ/7,19 tỷ","Quận Hà Đông, Hà Nội",50 m2,4 PN,5 WC,7 tỷ 190 triệu,6,Kiến Hưng
"bán nhà 5 tầng 48m văn Phú- văn La, nhà 2 mặt tiền ô tô gần chợ Văn La","Quận Hà Đông, Hà Nội",48 m2,5 PN,5 WC,8 tỷ 200 triệu,5,Chợ
"siêu hiếm- nhà Nguyễn văn Lộc- giáp làng Việt Kiều, 5 tầng/ô tô đỗ sát","Quận Hà Đông, Hà Nội",36 m2,4 PN,5 WC,5 tỷ 950 triệu,5,Nguyễn Văn Lộc
"Bán nhà Vũ trọng khánh- Nguyễn Văn Trỗi, 5.9 tỷ/35m gần làng Việt Kiều","Quận Hà Đông, Hà Nội",35 m2,4 PN,4 WC,5 tỷ 950 triệu,9,Nguyễn Văn Trỗi
"Bán nhà 64m2/3 tầng/ 7,9 tỷ/ô tô vào nhà đất Dịch Vụ Văn Phú- Phú La","Quận Hà Đông, Hà Nội",64 m2,3 PN,4 WC,7 tỷ 900 triệu,3,Đất
"Nhà Liền kề Hàng Bè- Kiến Hưng, 6 tầng/thang máy/ 4 ngủ/7,7 tỷ","Quận Hà Đông, Hà Nội",55 m2,4 PN,5 WC,7 tỷ 700 triệu,6,Kiến Hưng
96m2 tầng 9 Chung Cư Booyoung Vina giá 4.95 tỷ,"Quận Hà Đông, Hà Nội",96 m2,3 PN,3 WC,4 tỷ 950 triệu,2,
"Chủ nhà cần tiền gấp, chưa tới 100 triệu/m2 vuông phố phan đình giót","Quận Hà Đông, Hà Nội",63 m2,2 PN,2 WC,6 tỷ 150 triệu,100,Phan Đình Giót
"Hoa hậu mặt phố cạnh Quang Trung, Hà Đông, 47m2, 6T, 12 tỷ. Kinh doanh","Quận Hà Đông, Hà Nội",47 m2,10 PN,10 WC,12 tỷ,6,Quang Trung
"Bán gấp liền kề Văn Phú, Hà Đông, 90m2, hướng đông nam, nhỉnh 16 tỷ","Quận Hà Đông, Hà Nội",90 m2,4 PN,5 WC,16 tỷ 300 triệu,16,Văn Phú
"Chính chủ cần bán gấp nhà Hà Đông, Nhà đẹp.","Quận Hà Đông, Hà Nội",46 m2,3 PN,3 WC,6 tỷ 800 triệu,,
"Bán liền kề Phú Lương lô góc đẹp, kinh doanh 70m2*5T giá chỉ 17 tỷ!","Quận Hà Đông, Hà Nội",70 m2,5 PN,5 WC,17 tỷ,5,Phú Lương
"Bán nhà Liền Kề Vạn Phúc xây mới cực đẹp 50m2*7T, thang máy giá 16 tỷ!","Quận Hà Đông, Hà Nội",50 m2,5 PN,6 WC,16 tỷ,7,Vạn Phúc
"Bán nhà lô góc kđt Văn Quán, kinh doanh, 70m2*5T giá chỉ 17 tỷ!","Quận Hà Đông, Hà Nội",70 m2,4 PN,5 WC,17 tỷ,5,Văn Quán
"Bán liền kề Văn Khê, full nội thất 85m2*5T, mt 5m giá chỉ 14.5 tỷ!","Quận Hà Đông, Hà Nội",85 m2,5 PN,5 WC,14 tỷ 500 triệu,5,Văn Khê
"Bán toà nhà Văn Phòng Kiến Hưng, vỉa hè, oto , 60m2*7T, giá 16.5 tỷ!","Quận Hà Đông, Hà Nội",60 m2,5 PN,6 WC,16 tỷ 500 triệu,7,Kiến Hưng
Bán nhà Mặt Phố Trần Phú kinh doanh ngày đêm 60m2*5T giá chỉ 12.8 tỷ!,"Quận Hà Đông, Hà Nội",60 m2,4 PN,4 WC,12 tỷ 800 triệu,5,Trần Phú
"Bán nhà lk Văn Khê, Hà Đông, vỉa hè oto tránh 50m2,6T giá chỉ 15,8 tỷ!","Quận Hà Đông, Hà Nội",50 m2,5 PN,6 WC,15 tỷ 800 triệu,6,Văn Khê
"Bán nhà liền kề Mậu Lương, vỉa hè, oto tránh 50m2*5T giá chỉ 8,7 tỷ!","Quận Hà Đông, Hà Nội",50 m2,4 PN,4 WC,8 tỷ 700 triệu,5,Mậu Lương
"Bán Đất Trần Phú, Văn Quán oto tránh,kinh doanh 65m2,mt 10m giá 12.9tỷ","Quận Hà Đông, Hà Nội",65 m2,1 PN,1 WC,12 tỷ 900 triệu,9,Đất
"Bán nhà gần Bưu Điện Hà Đông,oto đỗ gần 42m2*4T giá chỉ 6,7 tỷ!","Quận Hà Đông, Hà Nội",42 m2,4 PN,3 WC,6 tỷ 700 triệu,4,
"Bán nhà phố Cầu Đơ, mặt ngõ thông 50m2*5T giá chỉ 7.5 tỷ!","Quận Hà Đông, Hà Nội",50 m2,4 PN,4 WC,7 tỷ 500 triệu,5,
"Bán nhà Văn Phú, oto đỗ gần 35m2*4T giá chỉ 4,65 tỷ!","Quận Hà Đông, Hà Nội",35 m2,3 PN,3 WC,4 tỷ 650 triệu,4,Văn Phú
"Cần bán nhà phố Vạn Phúc, Hà Đông 33m2*5T, giá chỉ 4,3 tỷ!","Quận Hà Đông, Hà Nội",33 m2,3 PN,4 WC,4 tỷ 300 triệu,5,Vạn Phúc
"Bán nhà liền kề Mậu Lương, vỉa hè, oto tránh 50m2*5T giá chỉ 8,2 tỷ!","Quận Hà Đông, Hà Nội",50 m2,4 PN,4 WC,8 tỷ 200 triệu,5,Mậu Lương
"Bán nhà Mặt Phố Trần Đăng Ninh, oto kinh doanh 35m2*5T giá chỉ 8.5 tỷ!","Quận Hà Đông, Hà Nội",35 m2,4 PN,4 WC,8 tỷ 500 triệu,5,Trần Đăng Ninh
"Bán toà CCMN Hà Đông, oto đỗ cửa, 70m2,20pkk,dt 70tr/tháng giá 11 tỷ!","Quận Hà Đông, Hà Nội",70 m2,20 PN,20 WC,11 tỷ,70,
"Bán nhà Văn La, vỉa hè, oto tránh, kinh doanh 50m2*7T  giá 11.3 tỷ!","Quận Hà Đông, Hà Nội",50 m2,4 PN,5 WC,11 tỷ 300 triệu,7,
"Bán nhà  liền kề yên nghĩa, vỉa hè, oto tránh 50m2*4T giá chỉ 9,5 tỷ!","Quận Hà Đông, Hà Nội",50 m2,8 PN,4 WC,9 tỷ 500 triệu,4,Yên Nghĩa
"Bán nhà La Khê, ngõ rộng, oto đỗ gần 45m2*4T giá chỉ 6 tỷ!","Quận Hà Đông, Hà Nội",45 m2,4 PN,4 WC,6 tỷ,4,
"Bán nhà xây mới độc lập Quang Trung ngõ rộng, 50m2*5T giá chỉ 7,6 tỷ!","Quận Hà Đông, Hà Nội",50 m2,5 PN,5 WC,7 tỷ 600 triệu,5,Quang Trung
"Bán nhà Mậu Lương, 60m2*3T giá chỉ 4.9 tỷ!","Quận Hà Đông, Hà Nội",60 m2,3 PN,3 WC,4 tỷ 900 triệu,3,Mậu Lương
"Bán kiot xa la, kinh doanh mọi mặt hàng 40m2 giá chỉ 1,75 tỷ!","Quận Hà Đông, Hà Nội",40 m2,1 PN,1 WC,1 tỷ 750 triệu,75,Xa La
"Bán nhà Nguyễn Viết Xuân, oto đỗ cách 15m, 35m2*4T giá chỉ 5,8 tỷ!","Quận Hà Đông, Hà Nội",35 m2,4 PN,4 WC,5 tỷ 800 triệu,4,Nguyễn Viết Xuân
"Bán nhà Mặt Phố Quang Trung, vỉa hè, kinh doanh 105m2*5T giá 30 tỷ!","Quận Hà Đông, Hà Nội",105 m2,4 PN,4 WC,30 tỷ,5,Quang Trung
"Bán nhà La Khê xây mới cực đẹp, ngõ rộng, oto đỗ 46m2*4T giá 7.9 tỷ!","Quận Hà Đông, Hà Nội",46 m2,4 PN,4 WC,7 tỷ 900 triệu,4,
"Bán nhà Bế Văn Đàn, lô góc hai thoáng, oto đỗ 33m2*5T giá chỉ 6,5 tỷ!","Quận Hà Đông, Hà Nội",33 m2,3 PN,4 WC,6 tỷ 500 triệu,5,Bế Văn Đàn
